TransactionID,SaleDate,CustomerID,ProductID,StoreID,CampaignID,SaleAmount,DiscountPercent_num,PaymentType_cat
1,5/4/2025,1034,2059,402,0,2048.2,0,Online
2,5/4/2025,1066,2048,403,1,321.87,5,Debit
3,5/4/2025,1116,2041,403,3,3216.84,15,Online
4,5/4/2025,1071,2096,404,2,1613.23,10,Credit
5,5/4/2025,1020,2060,401,0,408.38,0,Debit
6,5/4/2025,1089,2028,401,0,1275.88,0,Credit
7,5/4/2025,1193,2003,402,1,346.66,5,Debit
8,5/4/2025,1005,2079,402,1,855.49,5,Debit
9,5/4/2025,1032,2060,401,1,735.08,5,Debit
10,5/4/2025,1119,2089,403,2,661.63,10,Debit
11,5/4/2025,1042,2077,401,,505.65,0,Debit
12,5/4/2025,1079,2013,401,2,0,10,Cash
13,5/4/2025,1147,2086,404,3,4470.5,15,Online
14,5/4/2025,1183,2025,401,1,503.32,5,Debit
15,5/4/2025,1026,2089,403,0,413.52,0,Debit
16,5/4/2025,1144,2005,403,3,1715.12,15,Credit
17,5/4/2025,1169,2047,401,2,535.97,10,Debit
18,5/4/2025,1003,2053,404,0,3660.9,0,Online
19,5/4/2025,1110,2046,404,1,30.09,5,Cash
20,5/4/2025,1111,2022,403,3,671.18,15,Debit
21,5/4/2025,1119,2055,403,2,?,10,Online
22,5/4/2025,1062,2011,403,3,1229.22,15,Credit
23,5/4/2025,1062,2096,404,3,672.18,15,Debit
24,5/4/2025,1086,2003,404,2,924.43,10,Debit
25,5/4/2025,1046,2062,402,2,1981.95,10,Credit
26,5/4/2025,1066,2043,403,2,698.76,10,Debit
27,5/4/2025,1142,2001,402,0,1237.05,0,Credit
28,5/4/2025,1061,2092,404,3,482.21,15,Debit
29,5/4/2025,1142,2097,402,3,4210.5,15,Online
30,5/4/2025,1165,2091,404,3,4528.95,15,Online
31,2023-13-01,1004,2011,403,1,737.53,5,Debit
32,5/4/2025,1103,2088,402,2,0,10,Cash
33,5/4/2025,1169,2074,403,3,0,15,Cash
34,5/4/2025,1141,2067,403,3,872.85,15,Debit
35,5/4/2025,1190,2070,403,2,54.69,10,Cash
36,5/4/2025,1179,2058,403,2,1066.8,10,Credit
37,5/4/2025,1064,2029,401,1,12.16,5,Cash
38,5/4/2025,1080,2015,402,1,3037.36,5,Online
39,5/4/2025,1055,2094,404,2,1578.72,10,Credit
40,5/4/2025,1185,2075,403,0,0,0,Cash
41,5/4/2025,9999,2037,402,2,288.11,10,Cash
42,5/4/2025,1045,2038,401,1,1667.72,5,Credit
43,5/4/2025,1070,2005,401,2,686.05,10,Debit
44,5/4/2025,1178,2016,404,0,0,0,Cash
45,5/4/2025,1003,2073,403,3,1498.29,15,Credit
46,5/4/2025,1122,2056,403,1,944.5,5,Debit
47,5/4/2025,1013,2032,404,0,2836.8,0,Online
48,5/4/2025,1016,2051,404,0,117.32,0,Cash
49,5/4/2025,1147,2080,401,1,0,5,Cash
50,5/4/2025,1038,2072,403,0,840.6,0,Debit
51,5/4/2025,1063,2015,404,1,1214.95,5,Credit
52,5/4/2025,1198,2066,404,3,516.06,15,Debit
53,5/4/2025,1113,2038,404,2,2223.62,10,Online
54,5/4/2025,1145,2079,401,0,1901.08,0,Credit
55,5/4/2025,1195,2026,402,2,507.74,10,Debit
56,5/4/2025,1169,2010,402,1,140.11,5,Cash
57,5/4/2025,1044,2070,401,1,0,5,Cash
58,5/4/2025,1000,2052,404,3,2193.78,15,Online
59,5/4/2025,1074,2004,402,2,741.8,10,Debit
60,5/4/2025,1180,2036,404,0,217.98,0,Cash
61,5/4/2025,1175,2029,403,1,36.48,5,Cash
62,5/4/2025,1108,2014,402,1,221.67,5,Cash
63,5/4/2025,1068,2018,401,0,2169.04,0,Online
64,5/4/2025,1042,2039,403,3,2929.32,15,Online
65,5/4/2025,1031,2059,403,3,0,15,Cash
66,5/4/2025,1069,2064,404,3,1470.2,15,Credit
67,5/4/2025,1020,2076,401,3,4836.42,15,Online
68,5/4/2025,1188,2041,403,0,1608.42,0,Credit
69,5/4/2025,1023,2029,401,2,0,10,Cash
70,5/4/2025,1147,2005,402,3,0,15,Cash
71,5/4/2025,1132,2083,404,2,614.53,10,Debit
72,5/4/2025,1046,2074,404,3,659.5,15,Debit
73,5/4/2025,1023,2060,403,3,1225.14,15,Credit
74,5/4/2025,1085,2041,401,1,1447.58,5,Credit
75,5/4/2025,1084,2052,404,2,2925.04,10,Online
76,5/4/2025,1169,2051,401,3,117.32,15,Cash
77,5/4/2025,1022,2040,403,2,55.26,10,Cash
78,5/4/2025,1029,2098,404,0,3631.44,0,Online
79,5/4/2025,1168,2069,404,3,232.39,15,Cash
80,5/4/2025,1013,2024,403,3,372.81,15,Debit
81,5/4/2025,1160,2056,401,1,472.25,5,Debit
82,5/4/2025,1068,2070,402,2,109.38,10,Cash
83,5/4/2025,1112,2089,404,0,2067.6,0,Online
84,5/4/2025,1007,2080,402,1,1498.07,5,Credit
85,5/4/2025,1079,2070,401,3,34.18,15,Cash
86,5/4/2025,1023,2028,401,3,2551.76,15,Online
87,5/4/2025,1030,2082,402,3,799.8,15,Debit
88,5/4/2025,1183,2037,403,3,2160.84,15,Online
89,5/4/2025,1123,2060,402,3,2450.28,15,Online
90,5/4/2025,1141,2018,404,1,2440.17,5,Online
91,5/4/2025,1153,2065,402,0,470.34,0,Debit
92,5/4/2025,1070,2098,404,2,0,10,Cash
93,5/4/2025,1129,2034,401,2,108.94,10,Cash
94,5/4/2025,1185,2038,404,1,1667.72,5,Credit
95,5/4/2025,1114,2068,404,2,656.19,10,Debit
96,5/4/2025,1085,2070,404,3,0,15,Cash
97,5/4/2025,1082,2024,402,3,372.81,15,Debit
98,5/4/2025,1059,2099,404,0,1292.64,0,Credit
99,5/4/2025,1081,2095,404,3,490.79,15,Debit
100,5/4/2025,1098,2084,402,3,0,15,Cash
101,5/4/2025,1009,2016,403,0,969.06,0,Debit
102,5/4/2025,1112,2012,404,0,1869.57,0,Credit
103,5/4/2025,1184,2018,404,1,488.03,5,Debit
104,5/4/2025,1019,2060,403,2,0,10,Cash
105,5/4/2025,1159,2088,404,0,0,0,Cash
106,5/4/2025,1084,2086,404,2,2861.12,10,Online
107,5/4/2025,1160,2091,404,0,905.79,0,Debit
108,5/4/2025,1158,2008,402,2,159.82,10,Cash
109,5/4/2025,1058,2095,401,3,2453.95,15,Online
110,5/4/2025,1025,2097,401,3,842.1,15,Debit
111,5/4/2025,1042,2088,403,0,709.35,0,Debit
112,5/4/2025,1011,2041,401,2,0,10,Cash
113,5/4/2025,1091,2047,404,1,0,5,Cash
114,5/4/2025,1062,2067,404,1,0,5,Cash
115,5/4/2025,1043,2022,401,3,2684.72,15,Online
116,5/4/2025,1158,2087,402,3,477.96,15,Debit
117,5/4/2025,1149,2018,402,3,1626.78,15,Credit
118,5/4/2025,1163,2032,404,2,756.48,10,Debit
119,5/4/2025,1170,2001,404,2,659.76,10,Debit
120,5/4/2025,1173,2069,402,0,464.78,0,Debit
121,5/4/2025,1113,2044,403,3,0,15,Cash
122,5/4/2025,1176,2032,404,2,756.48,10,Debit
123,5/4/2025,1050,2049,404,0,2819.52,0,Online
124,5/4/2025,1060,2048,403,2,1144.42,10,Credit
125,5/4/2025,1179,2037,401,3,1440.56,15,Credit
126,5/4/2025,1070,2001,401,3,0,15,Cash
127,5/4/2025,1073,2099,402,2,0,10,Cash
128,5/4/2025,1056,2081,402,2,0,10,Cash
129,5/4/2025,1173,2096,402,0,672.18,0,Debit
130,5/4/2025,1160,2082,401,2,426.56,10,Debit
131,5/4/2025,1112,2004,403,1,1669.05,5,Credit
132,5/4/2025,1023,2037,403,3,2160.84,15,Online
133,5/4/2025,1044,2025,402,2,223.7,10,Cash
134,5/4/2025,1135,2064,403,1,793.91,5,Debit
135,5/4/2025,1065,2061,403,2,639.74,10,Debit
136,5/4/2025,1029,2059,401,1,921.69,5,Debit
137,5/4/2025,1193,2028,404,2,1531.06,10,Credit
138,5/4/2025,1023,2050,401,2,298.85,10,Cash
139,5/4/2025,1137,2015,404,2,539.98,10,Debit
140,5/4/2025,1172,2095,403,3,2453.95,15,Online
141,5/4/2025,1163,2047,401,1,301.48,5,Debit
142,5/4/2025,1120,2003,403,1,1039.99,5,Credit
143,5/4/2025,1165,2008,404,2,53.27,10,Cash
144,5/4/2025,1166,2052,401,1,658.13,5,Debit
145,5/4/2025,1011,2004,403,3,3709,15,Online
146,5/4/2025,1029,2012,402,1,0,5,Cash
147,5/4/2025,1099,2058,403,3,666.75,15,Debit
148,5/4/2025,1150,2095,402,3,490.79,15,Debit
149,5/4/2025,1167,2012,404,3,0,15,Cash
150,5/4/2025,1071,2004,403,1,834.52,5,Debit
151,5/4/2025,1113,2056,402,2,839.55,10,Debit
152,5/4/2025,1025,2087,403,2,0,10,Cash
153,5/4/2025,1015,2050,403,1,504.31,5,Debit
154,5/4/2025,1031,2058,401,1,2400.3,5,Online
155,5/4/2025,1164,2081,401,0,2984.88,0,Online
156,5/4/2025,1085,2031,402,1,508.77,5,Debit
157,5/4/2025,1017,2097,402,1,757.89,5,Debit
158,5/4/2025,1059,2042,402,0,0,0,Cash
159,5/4/2025,1070,2018,402,2,0,10,Cash
160,5/4/2025,1044,2014,401,1,886.68,5,Debit
161,5/4/2025,1003,2045,402,2,499.42,10,Debit
162,5/4/2025,1004,2022,403,0,671.18,0,Debit
163,5/4/2025,1032,2094,404,0,493.35,0,Debit
164,5/4/2025,1190,2008,404,3,266.36,15,Cash
165,5/4/2025,1199,2046,401,3,167.15,15,Cash
166,5/4/2025,1128,2028,401,2,2041.41,10,Online
167,5/4/2025,1117,2082,401,0,799.8,0,Debit
168,5/4/2025,1122,2051,404,0,234.64,0,Cash
169,5/4/2025,1125,2091,404,0,1811.58,0,Credit
170,5/4/2025,1020,2041,402,0,0,0,Cash
171,5/4/2025,1032,2035,403,3,4499.95,15,Online
172,5/4/2025,1152,2067,403,3,872.85,15,Debit
173,5/4/2025,1129,2077,404,0,2809.15,0,Online
174,5/4/2025,1179,2014,402,3,738.9,15,Debit
175,5/4/2025,1115,2029,404,2,0,10,Cash
176,5/4/2025,1116,2051,404,0,351.96,0,Debit
177,5/4/2025,1080,2054,403,2,3602.04,10,Online
178,5/4/2025,1095,2019,404,0,933.93,0,Debit
179,5/4/2025,1023,2010,401,3,0,15,Cash
180,5/4/2025,1024,2095,403,1,3533.69,5,Online
181,5/4/2025,1142,2007,403,0,583.39,0,Debit
182,5/4/2025,1105,2045,404,0,624.28,0,Debit
183,5/4/2025,1073,2076,403,2,1934.57,10,Credit
184,5/4/2025,1026,2073,402,1,1797.95,5,Credit
185,5/4/2025,1168,2061,402,0,599.76,0,Debit
186,5/4/2025,1089,2071,403,0,0,0,Cash
187,5/4/2025,1195,2035,402,3,0,15,Cash
188,5/4/2025,1143,2098,401,2,2178.86,10,Online
189,5/4/2025,1007,2023,403,2,751.63,10,Debit
190,5/4/2025,1086,2044,401,1,373.64,5,Debit
191,5/4/2025,1036,2072,404,0,1260.9,0,Credit
192,5/4/2025,1036,2094,401,0,2466.75,0,Online
193,5/4/2025,1191,2067,402,3,872.85,15,Debit
194,5/4/2025,1107,2058,403,1,1800.22,5,Credit
195,5/4/2025,1094,2039,403,0,1952.88,0,Credit
196,5/4/2025,1013,2019,402,0,0,0,Cash
197,5/4/2025,1172,2010,403,3,0,15,Cash
198,5/4/2025,1169,2054,404,3,900.51,15,Debit
199,5/4/2025,1106,2034,402,0,136.17,0,Cash
200,5/4/2025,1088,2055,401,2,129.46,10,Cash
201,5/4/2025,1173,2086,404,2,715.28,10,Debit
202,5/4/2025,1011,2028,404,0,0,0,Cash
203,5/4/2025,1001,2026,403,1,190.4,5,Cash
204,5/4/2025,1196,2017,403,2,370.96,10,Debit
205,5/4/2025,1083,2015,401,3,0,15,Cash
206,5/4/2025,1191,2055,402,1,48.55,5,Cash
207,5/4/2025,1097,2068,402,2,1312.38,10,Credit
208,5/4/2025,1018,2050,401,3,0,15,Cash
209,5/4/2025,1004,2058,401,2,1066.8,10,Credit
210,5/4/2025,1147,2054,404,3,2701.53,15,Online
211,5/4/2025,1074,2014,404,0,738.9,0,Debit
212,5/4/2025,1083,2021,404,2,668.33,10,Debit
213,5/4/2025,1022,2055,401,1,97.09,5,Cash
214,5/4/2025,1111,2075,404,0,1561.28,0,Credit
215,5/4/2025,1101,2039,403,1,2636.39,5,Online
216,5/4/2025,1085,2099,402,0,646.32,0,Debit
217,5/4/2025,1130,2081,401,1,1343.2,5,Credit
218,5/4/2025,1198,2044,403,1,186.82,5,Cash
219,5/4/2025,1060,2013,402,2,0,10,Cash
220,5/4/2025,1050,2022,402,0,671.18,0,Debit
221,5/4/2025,1045,2098,404,3,907.86,15,Debit
222,5/4/2025,1193,2072,404,2,1681.2,10,Credit
223,5/4/2025,1160,2040,402,3,138.16,15,Cash
224,5/4/2025,1017,2060,404,2,0,10,Cash
225,5/4/2025,1070,2075,401,2,624.51,10,Debit
226,5/4/2025,1129,2009,403,3,198.93,15,Cash
227,5/4/2025,1115,2004,401,2,2225.4,10,Online
228,5/4/2025,1073,2009,401,3,66.31,15,Cash
229,5/4/2025,1118,2074,401,3,659.5,15,Debit
230,5/4/2025,1146,2083,402,2,614.53,10,Debit
231,5/4/2025,1154,2060,402,0,408.38,0,Debit
232,5/4/2025,1115,2013,403,0,2806.08,0,Online
233,5/4/2025,1129,2082,402,0,1066.4,0,Credit
234,5/4/2025,1063,2090,404,3,71.64,15,Cash
235,5/4/2025,1134,2066,402,2,1238.54,10,Credit
236,5/4/2025,1095,2036,404,3,653.94,15,Debit
237,5/4/2025,1198,2043,401,2,1397.52,10,Credit
238,5/4/2025,1016,2042,401,3,0,15,Cash
239,5/4/2025,1072,2032,402,2,1512.96,10,Credit
240,5/4/2025,1020,2074,402,2,527.6,10,Debit
241,5/4/2025,1079,2083,404,1,691.34,5,Debit
242,5/4/2025,1152,2090,401,2,57.31,10,Cash
243,5/4/2025,1143,2048,403,1,0,5,Cash
244,5/4/2025,1171,2089,401,3,1654.08,15,Credit
245,5/4/2025,1130,2046,401,2,106.98,10,Cash
246,5/4/2025,1079,2023,402,2,3006.53,10,Online
247,5/4/2025,1196,2062,402,1,1114.85,5,Credit
248,5/4/2025,1035,2019,401,2,0,10,Cash
249,5/4/2025,1025,2064,401,2,705.7,10,Debit
250,5/4/2025,1196,2079,402,3,2851.62,15,Online
251,5/4/2025,1039,2020,402,1,338.25,5,Debit
252,5/4/2025,1184,2056,401,3,1574.16,15,Credit
253,5/4/2025,1093,2086,402,3,3576.4,15,Online
254,5/4/2025,1156,2036,404,1,392.36,5,Debit
255,5/4/2025,1136,2030,403,3,509.91,15,Debit
256,5/4/2025,1049,2047,404,3,1674.9,15,Credit
257,5/4/2025,1196,2036,404,3,0,15,Cash
258,5/4/2025,1041,2025,402,2,671.09,10,Debit
259,5/4/2025,1013,2082,404,2,1066.4,10,Credit
260,5/4/2025,1141,2013,401,2,748.29,10,Debit
261,5/4/2025,1021,2097,402,2,673.68,10,Debit
262,5/4/2025,1115,2065,402,3,1881.36,15,Credit
263,5/4/2025,1023,2028,404,2,510.35,10,Debit
264,5/4/2025,1006,2053,401,3,610.15,15,Debit
265,5/4/2025,1128,2047,402,3,1004.94,15,Credit
266,5/4/2025,1020,2047,402,0,669.96,0,Debit
267,5/4/2025,1081,2012,403,1,1682.61,5,Credit
268,5/4/2025,1035,2004,403,3,927.25,15,Debit
269,5/4/2025,1178,2017,404,3,1854.8,15,Credit
270,5/4/2025,1157,2000,401,0,1938.62,0,Credit
271,5/4/2025,1065,2027,402,3,775.83,15,Debit
272,5/4/2025,1028,2099,403,1,3490.13,5,Online
273,5/4/2025,1077,2015,401,1,1822.42,5,Credit
274,5/4/2025,1107,2081,404,0,2238.66,0,Online
275,5/4/2025,1028,2063,401,1,994.43,5,Debit
276,5/4/2025,1183,2018,403,3,2711.3,15,Online
277,5/4/2025,1000,2078,403,1,0,5,Cash
278,5/4/2025,1146,2053,402,0,1220.3,0,Credit
279,5/4/2025,1134,2046,401,0,33.43,0,Cash
280,5/4/2025,1099,2060,401,3,1633.52,15,Credit
281,5/4/2025,1095,2032,401,2,1512.96,10,Credit
282,5/4/2025,1017,2044,402,0,207.58,0,Cash
283,5/4/2025,1197,2074,403,1,593.55,5,Debit
284,5/4/2025,1011,2045,403,1,842.78,5,Debit
285,5/4/2025,1199,2087,404,3,159.32,15,Cash
286,5/4/2025,1161,2023,402,0,939.54,0,Debit
287,5/4/2025,1183,2099,404,0,1292.64,0,Credit
288,5/4/2025,1075,2025,401,1,0,5,Cash
289,5/4/2025,1010,2040,403,3,138.16,15,Cash
290,5/4/2025,1139,2060,403,0,1225.14,0,Credit
291,5/4/2025,1192,2082,402,2,213.28,10,Cash
292,5/4/2025,1091,2099,401,2,1034.11,10,Credit
293,5/4/2025,1069,2015,403,3,2699.88,15,Online
294,5/4/2025,1102,2095,404,3,1472.37,15,Credit
295,5/4/2025,1086,2023,404,3,3758.16,15,Online
296,5/4/2025,1094,2066,403,0,1032.12,0,Credit
297,5/4/2025,1186,2054,401,3,0,15,Cash
298,5/4/2025,1154,2023,403,2,751.63,10,Debit
299,5/4/2025,1026,2010,403,2,62.27,10,Cash
300,5/4/2025,1078,2057,404,1,393.28,5,Debit
301,5/4/2025,1176,2056,403,3,524.72,15,Debit
302,5/4/2025,1010,2093,403,3,0,15,Cash
303,5/4/2025,1070,2081,401,0,1492.44,0,Credit
304,5/4/2025,1171,2081,404,2,596.98,10,Debit
305,5/4/2025,1131,2095,402,0,1472.37,0,Credit
306,5/4/2025,1036,2077,404,0,1123.66,0,Credit
307,5/4/2025,1032,2008,402,2,106.54,10,Cash
308,5/4/2025,1092,2049,401,1,0,5,Cash
309,5/4/2025,1173,2057,403,2,349.58,10,Debit
310,5/4/2025,1113,2097,401,1,757.89,5,Debit
311,5/4/2025,1135,2046,404,2,80.23,10,Cash
312,5/4/2025,1166,2035,402,0,899.99,0,Debit
313,5/4/2025,1006,2094,402,3,1480.05,15,Credit
314,5/4/2025,1132,2049,401,2,1503.74,10,Credit
315,5/4/2025,1198,2033,404,1,2257.88,5,Online
316,5/4/2025,1156,2036,404,1,784.73,5,Debit
317,5/4/2025,1031,2017,401,3,0,15,Cash
318,5/4/2025,1044,2091,404,0,1811.58,0,Credit
319,5/4/2025,1174,2040,403,0,34.54,0,Cash
320,5/4/2025,1140,2069,403,2,557.74,10,Debit
321,5/4/2025,1040,2091,402,2,724.63,10,Debit
322,5/4/2025,1130,2028,401,1,574.15,5,Debit
323,5/4/2025,1035,2030,404,0,339.94,0,Debit
324,5/4/2025,1092,2070,403,3,102.54,15,Cash
325,5/4/2025,1141,2016,401,0,0,0,Cash
326,5/4/2025,1079,2050,404,3,186.78,15,Cash
327,5/4/2025,1196,2052,401,1,2632.54,5,Online
328,5/4/2025,1081,2082,401,3,1066.4,15,Credit
329,5/4/2025,1119,2087,403,1,0,5,Cash
330,5/4/2025,1199,2070,402,1,30.76,5,Cash
331,5/4/2025,1110,2064,401,0,0,0,Cash
332,5/4/2025,1132,2019,403,1,1681.07,5,Credit
333,5/4/2025,1041,2041,402,2,643.37,10,Debit
334,5/4/2025,1132,2036,401,2,348.77,10,Debit
335,5/4/2025,1050,2081,403,1,2686.39,5,Online
336,5/4/2025,1160,2038,401,1,0,5,Cash
337,5/4/2025,1151,2074,402,1,1187.1,5,Credit
338,5/4/2025,1168,2079,403,0,1901.08,0,Credit
339,5/4/2025,1007,2010,401,2,62.27,10,Cash
340,5/4/2025,1166,2026,404,0,0,0,Cash
341,5/4/2025,1127,2080,403,2,1997.42,10,Credit
342,5/4/2025,1123,2031,404,2,1356.72,10,Credit
343,5/4/2025,1116,2009,401,1,119.36,5,Cash
344,5/4/2025,1112,2053,404,3,0,15,Cash
345,5/4/2025,1052,2043,402,2,698.76,10,Debit
346,5/4/2025,1183,2040,403,3,103.62,15,Cash
347,5/4/2025,1033,2097,403,0,4210.5,0,Online
348,5/4/2025,1081,2030,404,0,339.94,0,Debit
349,5/4/2025,1068,2057,402,1,1179.85,5,Credit
350,5/4/2025,1024,2006,403,3,594,15,Debit
351,5/4/2025,1157,2053,402,1,1098.27,5,Credit
352,5/4/2025,1083,2073,403,1,2247.44,5,Online
353,5/4/2025,1195,2020,404,3,1879.15,15,Credit
354,5/4/2025,1127,2039,404,0,1952.88,0,Credit
355,5/4/2025,1023,2050,404,1,0,5,Cash
356,5/4/2025,1055,2074,403,0,1978.5,0,Credit
357,5/4/2025,1012,2036,404,3,653.94,15,Debit
358,5/4/2025,1073,2068,401,0,2460.72,0,Online
359,5/4/2025,1110,2017,403,2,370.96,10,Debit
360,5/4/2025,1195,2051,403,0,117.32,0,Cash
361,5/4/2025,1102,2006,402,2,792,10,Debit
362,5/4/2025,1141,2036,401,3,871.92,15,Debit
363,5/4/2025,1129,2057,403,0,1747.92,0,Credit
364,5/4/2025,1032,2012,404,2,997.1,10,Debit
365,5/4/2025,1086,2071,403,1,553.64,5,Debit
366,5/4/2025,1050,2077,404,0,561.83,0,Debit
367,5/4/2025,1011,2004,402,2,0,10,Cash
368,5/4/2025,1121,2066,404,1,0,5,Cash
369,5/4/2025,1155,2065,402,2,1128.82,10,Credit
370,5/4/2025,1156,2040,402,3,138.16,15,Cash
371,5/4/2025,1157,2094,403,2,1578.72,10,Credit
372,5/4/2025,1129,2065,404,2,752.54,10,Debit
373,5/4/2025,1121,2002,403,2,2771.2,10,Online
374,5/4/2025,1172,2014,404,2,197.04,10,Cash
375,5/4/2025,1185,2088,401,3,2128.05,15,Online
376,5/4/2025,1067,2083,402,0,0,0,Cash
377,5/4/2025,1149,2061,402,3,1199.52,15,Credit
378,5/4/2025,1037,2087,402,0,318.64,0,Debit
379,5/4/2025,1146,2089,401,1,744.34,5,Debit
380,5/4/2025,1004,2056,403,3,2098.88,15,Online
381,5/4/2025,1038,2052,402,3,2193.78,15,Online
382,5/4/2025,1128,2099,404,0,3877.92,0,Online
383,5/4/2025,1180,2017,402,2,741.92,10,Debit
384,5/4/2025,1169,2061,404,2,319.87,10,Debit
385,5/4/2025,1044,2058,403,2,1066.8,10,Credit
386,5/4/2025,1173,2098,403,3,3631.44,15,Online
387,5/4/2025,1049,2031,403,2,1356.72,10,Credit
388,5/4/2025,1057,2038,403,1,2501.58,5,Online
389,5/4/2025,1176,2090,404,2,343.87,10,Debit
390,5/4/2025,1122,2044,403,2,166.06,10,Cash
391,5/4/2025,1031,2073,404,3,1498.29,15,Credit
392,5/4/2025,1088,2098,402,2,726.29,10,Debit
393,5/4/2025,1010,2036,401,2,348.77,10,Debit
394,5/4/2025,1113,2083,403,3,3072.64,15,Online
395,5/4/2025,1054,2025,403,2,671.09,10,Debit
396,5/4/2025,1035,2013,402,1,1683.65,5,Credit
397,5/4/2025,1012,2085,402,1,217.94,5,Cash
398,5/4/2025,1013,2012,404,2,1994.21,10,Credit
399,5/4/2025,1183,2060,401,1,367.54,5,Debit
400,5/4/2025,1001,2070,402,3,102.54,15,Cash
401,5/4/2025,1167,2060,404,1,735.08,5,Debit
402,5/4/2025,1193,2036,403,2,348.77,10,Debit
403,5/4/2025,1165,2007,401,1,0,5,Cash
404,5/4/2025,1136,2094,401,1,1776.06,5,Credit
405,5/4/2025,1106,2022,401,3,671.18,15,Debit
406,5/4/2025,1126,2023,403,0,0,0,Cash
407,5/4/2025,1002,2038,401,2,1482.42,10,Credit
408,5/4/2025,1072,2058,404,1,1200.15,5,Credit
409,5/4/2025,1129,2059,403,1,1382.54,5,Credit
410,5/4/2025,1028,2042,402,3,502.83,15,Debit
411,5/4/2025,1165,2032,402,0,0,0,Cash
412,5/4/2025,1188,2043,403,1,1572.21,5,Credit
413,5/4/2025,1044,2078,404,3,426.03,15,Debit
414,5/4/2025,1131,2041,401,3,3216.84,15,Online
415,5/4/2025,1171,2012,402,1,1121.74,5,Credit
416,5/4/2025,1122,2041,402,0,1608.42,0,Credit
417,5/4/2025,1066,2049,402,3,0,15,Cash
418,5/4/2025,1192,2034,403,2,326.81,10,Debit
419,5/4/2025,1149,2092,401,2,1157.3,10,Credit
420,5/4/2025,1167,2046,402,0,133.72,0,Cash
421,5/4/2025,1170,2015,404,2,0,10,Cash
422,5/4/2025,1040,2051,403,0,469.28,0,Debit
423,5/4/2025,1163,2037,403,1,0,5,Cash
424,5/4/2025,1056,2017,404,1,834.66,5,Debit
425,5/4/2025,1116,2095,403,3,490.79,15,Debit
426,5/4/2025,1179,2070,404,1,61.52,5,Cash
427,5/4/2025,1195,2031,401,3,1695.9,15,Credit
428,5/4/2025,1135,2090,403,0,0,0,Cash
429,5/4/2025,1144,2014,401,1,443.34,5,Debit
430,5/4/2025,1146,2068,402,1,2952.86,5,Online
431,5/4/2025,1083,2066,404,0,516.06,0,Debit
432,5/4/2025,1174,2026,404,0,423.12,0,Debit
433,5/4/2025,1130,2057,401,3,1747.92,15,Credit
434,5/4/2025,1033,2065,404,3,0,15,Cash
435,5/4/2025,1144,2007,404,2,933.42,10,Debit
436,5/4/2025,1185,2002,404,2,692.8,10,Debit
437,5/4/2025,1000,2095,402,0,0,0,Cash
438,5/4/2025,1011,2054,403,0,900.51,0,Debit
439,5/4/2025,1138,2007,401,3,2333.56,15,Online
440,5/4/2025,1008,2036,404,1,196.18,5,Cash
441,5/4/2025,1196,2017,404,2,741.92,10,Debit
442,5/4/2025,1097,2057,404,3,436.98,15,Debit
443,5/4/2025,1020,2087,402,2,637.28,10,Debit
444,5/4/2025,1030,2022,404,1,604.06,5,Debit
445,5/4/2025,1186,2028,401,0,2551.76,0,Online
446,5/4/2025,1076,2059,404,3,1536.15,15,Credit
447,5/4/2025,1058,2031,404,2,0,10,Cash
448,5/4/2025,1039,2035,402,0,899.99,0,Debit
449,5/4/2025,1008,2084,404,0,845.55,0,Debit
450,5/4/2025,1061,2026,401,0,423.12,0,Debit
451,5/4/2025,1152,2004,404,0,2781.75,0,Online
452,5/4/2025,1062,2094,401,3,1973.4,15,Credit
453,5/4/2025,1112,2029,402,0,13.51,0,Cash
454,5/4/2025,1035,2064,403,1,0,5,Cash
455,5/4/2025,1187,2073,403,2,399.54,10,Debit
456,5/4/2025,1060,2038,402,1,3335.44,5,Online
457,5/4/2025,1105,2038,403,0,1853.02,0,Credit
458,5/4/2025,1142,2075,402,3,3903.2,15,Online
459,5/4/2025,1142,2063,401,2,1325.9,10,Credit
460,5/4/2025,1164,2085,404,2,387.44,10,Debit
461,5/4/2025,1178,2053,404,1,1647.4,5,Credit
462,5/4/2025,1076,2048,402,3,1072.89,15,Credit
463,5/4/2025,1061,2028,403,1,1148.29,5,Credit
464,5/4/2025,1118,2007,404,3,1750.17,15,Credit
465,5/4/2025,1142,2067,402,3,1163.8,15,Credit
466,5/4/2025,1062,2032,402,2,756.48,10,Debit
467,5/4/2025,1165,2010,404,2,124.54,10,Cash
468,5/4/2025,1023,2068,402,0,2460.72,0,Online
469,5/4/2025,1068,2048,401,0,715.26,0,Debit
470,5/4/2025,1048,2097,402,3,0,15,Cash
471,5/4/2025,1053,2042,403,0,167.61,0,Cash
472,5/4/2025,1054,2024,401,3,372.81,15,Debit
473,5/4/2025,1062,2089,402,3,1240.56,15,Credit
474,5/4/2025,1061,2070,403,2,27.34,10,Cash
475,5/4/2025,1097,2059,403,2,0,10,Cash
476,5/4/2025,1066,2046,404,3,200.58,15,Cash
477,5/4/2025,1025,2092,404,2,771.54,10,Debit
478,5/4/2025,1052,2047,403,3,334.98,15,Debit
479,5/4/2025,1011,2072,402,1,756.54,5,Debit
480,5/4/2025,1004,2033,404,2,0,10,Cash
481,5/4/2025,1039,2025,403,1,503.32,5,Debit
482,5/4/2025,1097,2072,402,3,420.3,15,Debit
483,5/4/2025,1140,2083,403,2,1843.58,10,Credit
484,5/4/2025,1195,2062,404,3,3096.8,15,Online
485,5/4/2025,1043,2093,403,1,1360.69,5,Credit
486,5/4/2025,1035,2092,404,1,0,5,Cash
487,5/4/2025,1138,2082,401,0,533.2,0,Debit
488,5/4/2025,1019,2085,401,0,484.3,0,Debit
489,5/4/2025,1105,2017,402,0,1391.1,0,Credit
490,5/4/2025,1181,2019,401,1,4202.68,5,Online
491,5/4/2025,1129,2058,403,0,1333.5,0,Credit
492,5/4/2025,1158,2081,404,3,2984.88,15,Online
493,5/4/2025,1004,2000,404,0,2907.93,0,Online
494,5/4/2025,1004,2067,403,2,465.52,10,Debit
495,5/4/2025,1004,2064,404,1,1323.18,5,Credit
496,5/4/2025,1027,2012,402,1,1121.74,5,Credit
497,5/4/2025,1049,2079,403,2,3802.16,10,Online
498,5/4/2025,1068,2050,401,2,0,10,Cash
499,5/4/2025,1103,2058,402,1,600.08,5,Debit
500,5/4/2025,1076,2087,401,0,159.32,0,Cash
501,5/4/2025,1023,2051,404,3,351.96,15,Debit
502,5/4/2025,1141,2060,401,0,408.38,0,Debit
503,5/4/2025,1179,2021,401,3,835.41,15,Debit
504,5/4/2025,1111,2082,403,0,0,0,Cash
505,5/4/2025,1135,2005,402,1,1157.71,5,Credit
506,5/4/2025,1177,2072,404,2,1008.72,10,Credit
507,5/4/2025,1011,2009,403,0,0,0,Cash
508,5/4/2025,1045,2040,401,1,31.09,5,Cash
509,5/4/2025,1150,2018,404,0,1084.52,0,Credit
510,5/4/2025,1076,2020,402,3,2254.98,15,Online
511,5/4/2025,1173,2069,403,3,232.39,15,Cash
512,5/4/2025,1193,2094,402,0,1480.05,0,Credit
513,5/4/2025,1128,2095,403,0,0,0,Cash
514,5/4/2025,1025,2055,402,0,107.88,0,Cash
515,5/4/2025,1087,2077,404,2,449.46,10,Debit
516,5/4/2025,1007,2081,403,3,746.22,15,Debit
517,5/4/2025,1125,2029,403,3,40.53,15,Cash
518,5/4/2025,1110,2023,404,0,1879.08,0,Credit
519,5/4/2025,1197,2079,403,1,855.49,5,Debit
520,5/4/2025,1182,2009,401,2,53.05,10,Cash
521,5/4/2025,1039,2048,402,3,357.63,15,Debit
522,5/4/2025,1081,2046,401,0,33.43,0,Cash
523,5/4/2025,1001,2039,404,2,2343.46,10,Online
524,5/4/2025,1194,2034,401,1,245.11,5,Cash
525,5/4/2025,1022,2023,404,3,5637.24,15,Online
526,5/4/2025,1142,2071,404,0,615.16,0,Debit
527,5/4/2025,1006,2011,403,0,1229.22,0,Credit
528,5/4/2025,1152,2076,403,3,2418.21,15,Online
529,5/4/2025,1003,2037,404,3,1440.56,15,Credit
530,5/4/2025,1199,2010,402,1,210.17,5,Cash
531,5/4/2025,1175,2048,402,1,965.6,5,Debit
532,5/4/2025,1068,2038,403,3,0,15,Cash
533,5/4/2025,1037,2008,402,3,266.36,15,Cash
534,5/4/2025,1070,2053,403,3,1830.45,15,Credit
535,5/4/2025,1005,2009,403,2,53.05,10,Cash
536,5/4/2025,1063,2092,404,1,867.98,5,Debit
537,5/4/2025,1117,2013,402,2,2244.86,10,Online
538,5/4/2025,1001,2050,403,3,0,15,Cash
539,5/4/2025,1084,2056,403,3,1574.16,15,Credit
540,5/4/2025,1166,2076,402,2,0,10,Cash
541,5/4/2025,1082,2077,402,3,0,15,Cash
542,5/4/2025,1080,2022,404,2,1073.89,10,Credit
543,5/4/2025,1074,2094,404,1,444.02,5,Debit
544,5/4/2025,1083,2048,403,3,0,15,Cash
545,5/4/2025,1093,2014,402,1,221.67,5,Cash
546,5/4/2025,1174,2098,401,3,2723.58,15,Online
547,5/4/2025,1181,2026,404,2,507.74,10,Debit
548,5/4/2025,1177,2008,404,3,332.95,15,Debit
549,5/4/2025,1035,2081,403,1,1343.2,5,Credit
550,5/4/2025,1064,2084,402,3,845.55,15,Debit
551,5/4/2025,1096,2009,404,3,198.93,15,Cash
552,5/4/2025,1149,2051,404,0,0,0,Cash
553,5/4/2025,1092,2089,401,0,827.04,0,Debit
554,5/4/2025,1196,2031,403,1,1526.31,5,Credit
555,5/4/2025,1165,2078,401,3,142.01,15,Cash
556,5/4/2025,1192,2042,404,0,1005.66,0,Credit
557,5/4/2025,1002,2012,403,1,560.87,5,Debit
558,5/4/2025,1130,2095,402,3,1963.16,15,Credit
559,5/4/2025,1095,2050,404,1,168.1,5,Cash
560,5/4/2025,1088,2003,404,0,385.18,0,Debit
561,5/4/2025,1075,2053,401,0,1830.45,0,Credit
562,5/4/2025,1186,2018,403,2,1301.42,10,Credit
563,5/4/2025,1087,2058,402,3,2667,15,Online
564,5/4/2025,1089,2060,401,3,408.38,15,Debit
565,5/4/2025,1184,2089,404,2,1984.9,10,Credit
566,5/4/2025,1017,2038,401,0,0,0,Cash
567,5/4/2025,1005,2043,401,1,786.1,5,Debit
568,5/4/2025,1189,2031,402,1,2035.08,5,Online
569,5/4/2025,1084,2071,404,3,0,15,Cash
570,5/4/2025,1059,2051,402,1,527.94,5,Debit
571,5/4/2025,1163,2084,404,3,845.55,15,Debit
572,5/4/2025,1007,2094,402,3,493.35,15,Debit
573,5/4/2025,1151,2054,404,0,0,0,Cash
574,5/4/2025,1180,2027,402,2,0,10,Cash
575,5/4/2025,1192,2090,401,0,286.56,0,Cash
576,5/4/2025,1137,2023,403,2,1503.26,10,Credit
577,5/4/2025,1050,2058,401,2,1066.8,10,Credit
578,5/4/2025,1171,2062,403,3,619.36,15,Debit
579,5/4/2025,1156,2050,401,2,0,10,Cash
580,5/4/2025,1090,2058,402,2,1066.8,10,Credit
581,5/4/2025,1157,2075,401,1,702.58,5,Debit
582,5/4/2025,1080,2015,402,2,1619.93,10,Credit
583,5/4/2025,1029,2023,403,1,0,5,Cash
584,5/4/2025,1130,2049,404,1,845.86,5,Debit
585,5/4/2025,1147,2049,404,1,845.86,5,Debit
586,5/4/2025,1124,2081,402,1,2686.39,5,Online
587,5/4/2025,1125,2036,402,1,588.55,5,Debit
588,5/4/2025,1080,2057,401,2,699.17,10,Debit
589,5/4/2025,1002,2062,402,1,1114.85,5,Credit
590,5/4/2025,1098,2071,404,3,1845.48,15,Credit
591,5/4/2025,1175,2062,404,3,1858.08,15,Credit
592,5/4/2025,1125,2021,401,0,1670.82,0,Credit
593,5/4/2025,1194,2028,403,0,637.94,0,Debit
594,5/4/2025,1070,2028,403,1,0,5,Cash
595,5/4/2025,1199,2058,404,0,2667,0,Online
596,5/4/2025,1146,2014,403,2,0,10,Cash
597,5/4/2025,1138,2096,401,3,2688.72,15,Online
598,5/4/2025,1139,2027,404,0,258.61,0,Cash
599,5/4/2025,1188,2083,402,2,1229.06,10,Credit
600,5/4/2025,1008,2057,403,2,699.17,10,Debit
601,5/4/2025,1022,2056,401,1,2361.24,5,Online
602,5/4/2025,1053,2094,403,3,493.35,15,Debit
603,5/4/2025,1042,2078,402,1,127.81,5,Cash
604,5/4/2025,1052,2007,403,2,2333.56,10,Online
605,5/4/2025,1152,2068,402,2,656.19,10,Debit
606,5/4/2025,1180,2037,403,2,288.11,10,Cash
607,5/4/2025,1131,2086,401,1,2414.07,5,Online
608,5/4/2025,1192,2052,401,2,0,10,Cash
609,5/4/2025,1167,2016,402,1,290.72,5,Cash
610,5/4/2025,1037,2091,403,1,0,5,Cash
611,5/4/2025,1194,2086,404,3,0,15,Cash
612,5/4/2025,1036,2073,403,3,1997.72,15,Credit
613,5/4/2025,1096,2057,401,0,1310.94,0,Credit
614,5/4/2025,1103,2065,403,2,376.27,10,Debit
615,5/4/2025,1116,2062,403,0,1238.72,0,Credit
616,5/4/2025,1198,2093,401,3,0,15,Cash
617,5/4/2025,1162,2085,403,0,0,0,Cash
618,5/4/2025,1136,2050,402,3,933.9,15,Debit
619,5/4/2025,1054,2063,403,2,441.97,10,Debit
620,5/4/2025,1072,2043,402,3,4367.25,15,Online
621,5/4/2025,1087,2087,401,0,637.28,0,Debit
622,5/4/2025,1025,2080,404,0,3329.04,0,Online
623,5/4/2025,1031,2020,404,3,1127.49,15,Credit
624,5/4/2025,1000,2054,402,1,1620.92,5,Credit
625,5/4/2025,1166,2038,402,2,2223.62,10,Online
626,5/4/2025,1023,2083,403,2,1229.06,10,Credit
627,5/4/2025,1021,2047,402,0,1674.9,0,Credit
628,5/4/2025,1101,2080,403,1,3745.17,5,Online
629,5/4/2025,1109,2083,401,0,768.16,0,Debit
630,5/4/2025,1000,2027,404,0,517.22,0,Debit
631,5/4/2025,1033,2075,402,3,780.64,15,Debit
632,5/4/2025,1002,2001,403,0,824.7,0,Debit
633,5/4/2025,1108,2088,402,3,3546.75,15,Online
634,5/4/2025,1018,2029,404,0,27.02,0,Cash
635,5/4/2025,1187,2013,401,2,2993.15,10,Online
636,5/4/2025,1094,2038,402,3,926.51,15,Debit
637,5/4/2025,1198,2096,402,1,1814.89,5,Credit
638,5/4/2025,1017,2067,401,1,523.71,5,Debit
639,5/4/2025,1112,2044,402,1,560.47,5,Debit
640,5/4/2025,1105,2078,404,1,383.43,5,Debit
641,5/4/2025,1022,2012,402,0,623.19,0,Debit
642,5/4/2025,1150,2093,404,2,1814.26,10,Credit
643,5/4/2025,1109,2040,402,1,31.09,5,Cash
644,5/4/2025,1070,2082,401,1,719.82,5,Debit
645,5/4/2025,1141,2076,403,0,3224.28,0,Online
646,5/4/2025,1168,2038,402,1,1667.72,5,Credit
647,5/4/2025,1191,2050,403,0,560.34,0,Debit
648,5/4/2025,1005,2030,404,3,679.88,15,Debit
649,5/4/2025,1028,2030,404,0,509.91,0,Debit
650,5/4/2025,1135,2001,403,2,989.64,10,Debit
651,5/4/2025,1033,2049,404,2,751.87,10,Debit
652,5/4/2025,1139,2087,402,3,0,15,Cash
653,5/4/2025,1197,2009,401,0,265.24,0,Cash
654,5/4/2025,1003,2033,402,0,836.25,0,Debit
655,5/4/2025,1015,2050,403,3,560.34,15,Debit
656,5/4/2025,1108,2089,404,0,413.52,0,Debit
657,5/4/2025,1163,2068,402,2,3280.96,10,Online
658,5/4/2025,1021,2039,401,1,878.8,5,Debit
659,5/4/2025,1039,2068,403,3,2460.72,15,Online
660,5/4/2025,1150,2081,401,2,1193.95,10,Credit
661,5/4/2025,1178,2055,402,0,53.94,0,Cash
662,5/4/2025,1062,2011,404,0,0,0,Cash
663,5/4/2025,1116,2078,401,2,0,10,Cash
664,5/4/2025,1170,2094,402,0,986.7,0,Debit
665,5/4/2025,1003,2090,402,0,143.28,0,Cash
666,5/4/2025,1041,2063,403,2,1325.9,10,Credit
667,5/4/2025,1042,2047,402,2,803.95,10,Debit
668,5/4/2025,1187,2015,401,2,0,10,Cash
669,5/4/2025,1109,2034,401,2,326.81,10,Debit
670,5/4/2025,1182,2073,401,3,499.43,15,Debit
671,5/4/2025,1116,2065,403,0,470.34,0,Debit
672,5/4/2025,1127,2072,402,2,1008.72,10,Credit
673,5/4/2025,1040,2032,401,0,0,0,Cash
674,5/4/2025,1058,2094,401,0,493.35,0,Debit
675,5/4/2025,1003,2031,401,3,1695.9,15,Credit
676,5/4/2025,1093,2049,402,1,1691.71,5,Credit
677,5/4/2025,1009,2070,404,1,30.76,5,Cash
678,5/4/2025,1082,2031,404,2,452.24,10,Debit
679,5/4/2025,1069,2009,403,0,0,0,Cash
680,5/4/2025,1128,2086,401,1,804.69,5,Debit
681,5/4/2025,1057,2066,401,3,1548.18,15,Credit
682,5/4/2025,1017,2059,403,2,409.64,10,Debit
683,5/4/2025,1083,2011,404,0,1638.96,0,Credit
684,5/4/2025,1094,2025,403,2,223.7,10,Cash
685,5/4/2025,1189,2079,402,3,3802.16,15,Online
686,5/4/2025,1094,2075,404,1,702.58,5,Debit
687,5/4/2025,1187,2069,402,1,627.45,5,Debit
688,5/4/2025,1001,2052,401,1,0,5,Cash
689,5/4/2025,1138,2044,401,2,166.06,10,Cash
690,5/4/2025,1000,2097,404,2,1347.36,10,Credit
691,5/4/2025,1026,2026,402,3,211.56,15,Cash
692,5/4/2025,1125,2007,402,2,933.42,10,Debit
693,5/4/2025,1023,2005,402,3,1286.34,15,Credit
694,5/4/2025,1179,2047,404,0,669.96,0,Debit
695,5/4/2025,1148,2012,402,3,3115.95,15,Online
696,5/4/2025,1019,2075,401,3,2341.92,15,Online
697,5/4/2025,1169,2016,402,2,775.25,10,Debit
698,5/4/2025,1066,2040,404,2,55.26,10,Cash
699,5/4/2025,1081,2057,403,1,393.28,5,Debit
700,5/4/2025,1019,2025,402,0,559.24,0,Debit
701,5/4/2025,1039,2013,402,3,4676.8,15,Online
702,5/4/2025,1119,2040,404,0,69.08,0,Cash
703,5/4/2025,1137,2045,402,3,0,15,Cash
704,5/4/2025,1078,2059,403,0,1536.15,0,Credit
705,5/4/2025,1023,2020,403,0,0,0,Cash
706,5/4/2025,1055,2041,402,0,4021.05,0,Online
707,5/4/2025,1182,2031,403,3,1695.9,15,Credit
708,5/4/2025,1131,2006,403,2,475.2,10,Debit
709,5/4/2025,1044,2003,404,3,1155.54,15,Credit
710,5/4/2025,1142,2095,402,0,2453.95,0,Online
711,5/4/2025,1118,2013,402,0,1870.72,0,Credit
712,5/4/2025,1003,2007,402,1,1050.1,5,Credit
713,5/4/2025,1050,2051,403,0,117.32,0,Cash
714,5/4/2025,1149,2075,403,0,780.64,0,Debit
715,5/4/2025,1005,2008,402,3,466.13,15,Debit
716,5/4/2025,1032,2011,403,0,409.74,0,Debit
717,5/4/2025,1010,2059,401,1,921.69,5,Debit
718,5/4/2025,1146,2055,404,3,0,15,Cash
719,5/4/2025,1007,2048,404,1,1287.47,5,Credit
720,5/4/2025,1090,2027,402,2,413.78,10,Debit
721,5/4/2025,1071,2057,402,0,1310.94,0,Credit
722,5/4/2025,1157,2079,402,2,2281.3,10,Online
723,5/4/2025,1127,2052,404,0,2193.78,0,Online
724,5/4/2025,1022,2035,404,1,1619.98,5,Credit
725,5/4/2025,1107,2025,402,0,279.62,0,Cash
726,5/4/2025,1097,2091,403,3,2717.37,15,Online
727,5/4/2025,1139,2062,403,2,1486.46,10,Credit
728,5/4/2025,1099,2034,402,0,408.51,0,Debit
729,5/4/2025,1081,2076,402,0,2418.21,0,Online
730,5/4/2025,1199,2035,401,3,2699.97,15,Online
731,5/4/2025,1135,2045,402,1,842.78,5,Debit
732,5/4/2025,1025,2031,402,2,904.48,10,Debit
733,5/4/2025,1136,2094,401,1,0,5,Cash
734,5/4/2025,1147,2049,403,1,3383.42,5,Online
735,5/4/2025,1045,2030,403,2,407.93,10,Debit
736,5/4/2025,1151,2003,403,1,693.32,5,Debit
737,5/4/2025,1144,2024,404,2,298.25,10,Cash
738,5/4/2025,1044,2062,401,0,1238.72,0,Credit
739,5/4/2025,1014,2029,402,0,13.51,0,Cash
740,5/4/2025,1134,2061,401,2,639.74,10,Debit
741,5/4/2025,1157,2025,402,2,671.09,10,Debit
742,5/4/2025,1183,2022,403,0,2684.72,0,Online
743,5/4/2025,1005,2018,402,0,542.26,0,Debit
744,5/4/2025,1134,2046,401,2,53.49,10,Cash
745,5/4/2025,1180,2084,404,0,281.85,0,Cash
746,5/4/2025,1086,2038,403,1,1667.72,5,Credit
747,5/4/2025,1040,2093,404,3,755.94,15,Debit
748,5/4/2025,1166,2040,402,2,27.63,10,Cash
749,5/4/2025,1057,2085,402,3,1452.9,15,Credit
750,5/4/2025,1078,2093,403,1,0,5,Cash
751,5/4/2025,1045,2093,401,3,2267.82,15,Online
752,5/4/2025,1197,2072,401,1,1513.08,5,Credit
753,5/4/2025,1154,2040,402,0,69.08,0,Cash
754,5/4/2025,1127,2018,403,0,0,0,Cash
755,5/4/2025,1060,2044,403,1,934.11,5,Debit
756,5/4/2025,1162,2011,403,3,1229.22,15,Credit
757,5/4/2025,1002,2033,402,1,3010.5,5,Online
758,5/4/2025,1177,2008,403,2,159.82,10,Cash
759,5/4/2025,1027,2092,401,0,482.21,0,Debit
760,5/4/2025,1098,2056,404,1,944.5,5,Debit
761,5/4/2025,1105,2063,404,2,2209.84,10,Online
762,5/4/2025,1139,2048,401,3,357.63,15,Debit
763,5/4/2025,1147,2083,402,1,691.34,5,Debit
764,5/4/2025,1115,2009,401,2,53.05,10,Cash
765,5/4/2025,1005,2040,403,0,103.62,0,Cash
766,5/4/2025,1018,2043,402,3,2620.35,15,Online
767,5/4/2025,1041,2093,401,0,755.94,0,Debit
768,5/4/2025,1086,2076,404,0,0,0,Cash
769,5/4/2025,1110,2083,402,3,768.16,15,Debit
770,5/4/2025,1040,2006,401,2,0,10,Cash
771,5/4/2025,1052,2024,404,2,298.25,10,Cash
772,5/4/2025,1169,2036,403,1,392.36,5,Debit
773,5/4/2025,1024,2006,404,3,0,15,Cash
774,5/4/2025,1039,2006,403,0,198,0,Cash
775,5/4/2025,1109,2011,403,3,1638.96,15,Credit
776,5/4/2025,1051,2012,401,1,1121.74,5,Credit
777,5/4/2025,1043,2081,403,0,746.22,0,Debit
778,5/4/2025,1121,2014,403,3,985.2,15,Debit
779,5/4/2025,1120,2062,403,0,2477.44,0,Online
780,5/4/2025,1164,2069,404,1,0,5,Cash
781,5/4/2025,1094,2048,403,1,321.87,5,Debit
782,5/4/2025,1114,2005,403,3,428.78,15,Debit
783,5/4/2025,1119,2033,402,2,1338,10,Credit
784,5/4/2025,1144,2007,402,0,1166.78,0,Credit
785,5/4/2025,1021,2085,403,3,0,15,Cash
786,5/4/2025,1193,2075,402,0,1561.28,0,Credit
787,5/4/2025,1099,2066,404,3,0,15,Cash
788,5/4/2025,1146,2030,404,2,543.9,10,Debit
789,5/4/2025,1020,2050,401,1,168.1,5,Cash
790,5/4/2025,1030,2096,404,1,3024.81,5,Online
791,5/4/2025,1042,2027,402,1,232.75,5,Cash
792,5/4/2025,1010,2054,401,3,900.51,15,Debit
793,5/4/2025,1051,2080,402,2,0,10,Cash
794,5/4/2025,1081,2093,401,0,755.94,0,Debit
795,5/4/2025,1099,2071,404,2,984.26,10,Debit
796,5/4/2025,1070,2066,404,0,0,0,Cash
797,5/4/2025,1179,2079,404,0,2851.62,0,Online
798,5/4/2025,1106,2019,402,0,3735.72,0,Online
799,5/4/2025,1027,2072,401,2,672.48,10,Debit
800,5/4/2025,1137,2044,404,2,830.32,10,Debit
801,5/4/2025,1098,2083,404,3,2304.48,15,Online
802,5/4/2025,1009,2022,403,3,2684.72,15,Online
803,5/4/2025,1036,2079,404,0,950.54,0,Debit
804,5/4/2025,1101,2042,402,0,335.22,0,Debit
805,5/4/2025,1190,2060,403,2,0,10,Cash
806,5/4/2025,1005,2043,403,2,2096.28,10,Online
807,5/4/2025,1071,2062,401,1,557.42,5,Debit
808,5/4/2025,1034,2038,404,2,2223.62,10,Online
809,5/4/2025,1068,2093,404,0,2267.82,0,Online
810,5/4/2025,1048,2056,402,3,524.72,15,Debit
811,5/4/2025,1189,2062,403,0,1858.08,0,Credit
812,5/4/2025,1131,2020,401,2,0,10,Cash
813,5/4/2025,1181,2064,404,1,264.64,5,Cash
814,5/4/2025,1199,2067,401,1,0,5,Cash
815,5/4/2025,1049,2025,401,1,503.32,5,Debit
816,5/4/2025,1008,2058,401,2,533.4,10,Debit
817,5/4/2025,1180,2025,403,2,894.78,10,Debit
818,5/4/2025,1118,2064,404,0,882.12,0,Debit
819,5/4/2025,1174,2003,402,2,308.14,10,Debit
820,5/4/2025,1125,2076,404,1,725.46,5,Debit
821,5/4/2025,1121,2075,403,2,2498.05,10,Online
822,5/4/2025,1041,2033,401,2,669,10,Debit
823,5/4/2025,1007,2049,401,1,845.86,5,Debit
824,5/4/2025,1146,2099,402,1,581.69,5,Debit
825,5/4/2025,1165,2028,402,2,1531.06,10,Credit
826,5/4/2025,1166,2052,401,0,731.26,0,Debit
827,5/4/2025,1121,2016,402,0,646.04,0,Debit
828,5/4/2025,1057,2032,403,2,3782.4,10,Online
829,5/4/2025,1108,2048,403,3,357.63,15,Debit
830,5/4/2025,1064,2027,404,2,413.78,10,Debit
831,5/4/2025,1173,2066,404,0,2580.3,0,Online
832,5/4/2025,1001,2065,403,2,376.27,10,Debit
833,5/4/2025,1076,2087,401,3,796.6,15,Debit
834,5/4/2025,1016,2043,403,2,2795.04,10,Online
835,5/4/2025,1070,2033,403,1,752.62,5,Debit
836,5/4/2025,1038,2066,402,0,1032.12,0,Credit
837,5/4/2025,1153,2051,403,1,316.76,5,Debit
838,5/4/2025,1184,2003,404,2,1848.86,10,Credit
839,5/4/2025,1066,2053,404,3,0,15,Cash
840,5/4/2025,1188,2004,402,2,2967.2,10,Online
841,5/4/2025,1185,2091,402,3,3623.16,15,Online
842,5/4/2025,1171,2045,403,1,280.93,5,Cash
843,5/4/2025,1168,2071,402,2,1968.51,10,Credit
844,5/4/2025,1024,2060,402,2,326.7,10,Debit
845,5/4/2025,1185,2071,402,2,984.26,10,Debit
846,5/4/2025,1167,2011,402,2,327.79,10,Debit
847,5/4/2025,1057,2095,403,3,2453.95,15,Online
848,5/4/2025,1084,2047,403,2,803.95,10,Debit
849,5/4/2025,1118,2015,404,0,4049.82,0,Online
850,5/4/2025,1162,2074,401,3,659.5,15,Debit
851,5/4/2025,1049,2064,401,3,882.12,15,Debit
852,5/4/2025,1135,2038,404,0,926.51,0,Debit
853,5/4/2025,1038,2017,402,2,741.92,10,Debit
854,5/4/2025,1104,2072,404,1,1134.81,5,Credit
855,5/4/2025,1080,2091,402,0,2717.37,0,Online
856,5/4/2025,1124,2042,402,2,0,10,Cash
857,5/4/2025,1162,2007,401,3,583.39,15,Debit
858,5/4/2025,1070,2026,402,1,190.4,5,Cash
859,5/4/2025,1125,2097,401,1,3031.56,5,Online
860,5/4/2025,1157,2055,404,3,53.94,15,Cash
861,5/4/2025,1109,2061,404,0,799.68,0,Debit
862,5/4/2025,1009,2068,402,2,0,10,Cash
863,5/4/2025,1003,2041,402,0,2412.63,0,Online
864,5/4/2025,1173,2000,402,1,872.38,5,Debit
865,5/4/2025,1177,2044,403,1,373.64,5,Debit
866,5/4/2025,1026,2049,403,1,3383.42,5,Online
867,5/4/2025,1016,2005,403,2,686.05,10,Debit
868,5/4/2025,1116,2093,403,3,755.94,15,Debit
869,5/4/2025,1175,2017,403,3,463.7,15,Debit
870,5/4/2025,1091,2096,402,1,1209.92,5,Credit
871,5/4/2025,1103,2002,402,1,779.4,5,Debit
872,5/4/2025,1186,2016,402,0,646.04,0,Debit
873,5/4/2025,1150,2064,402,0,294.04,0,Cash
874,5/4/2025,1093,2091,401,3,2717.37,15,Online
875,5/4/2025,1163,2032,401,0,0,0,Cash
876,5/4/2025,1169,2013,401,0,935.36,0,Debit
877,5/4/2025,1176,2014,404,3,1231.5,15,Credit
878,5/4/2025,1097,2015,403,3,2699.88,15,Online
879,5/4/2025,1179,2019,402,0,1867.86,0,Credit
880,5/4/2025,1077,2053,401,2,976.24,10,Debit
881,5/4/2025,1159,2077,402,3,561.83,15,Debit
882,5/4/2025,1026,2065,401,2,1881.36,10,Credit
883,5/4/2025,1029,2013,404,1,0,5,Cash
884,5/4/2025,1155,2025,403,1,503.32,5,Debit
885,5/4/2025,1091,2090,404,2,171.94,10,Cash
886,5/4/2025,1041,2005,404,1,385.9,5,Debit
887,5/4/2025,1176,2061,403,1,359.86,5,Debit
888,5/4/2025,1000,2001,401,0,1649.4,0,Credit
889,5/4/2025,1146,2085,404,1,653.81,5,Debit
890,5/4/2025,1023,2099,401,0,1292.64,0,Credit
891,5/4/2025,1065,2082,402,3,266.6,15,Cash
892,5/4/2025,1075,2033,404,0,2508.75,0,Online
893,5/4/2025,1025,2022,401,2,1073.89,10,Credit
894,5/4/2025,1092,2086,403,3,894.1,15,Debit
895,5/4/2025,1189,2014,401,0,0,0,Cash
896,5/4/2025,1002,2017,402,2,0,10,Cash
897,5/4/2025,1091,2056,403,0,1049.44,0,Credit
898,5/4/2025,1095,2043,402,0,0,0,Cash
899,5/4/2025,1102,2051,404,2,93.86,10,Cash
900,5/4/2025,1098,2088,404,3,0,15,Cash
901,5/4/2025,1166,2021,401,1,0,5,Cash
902,5/4/2025,1178,2092,401,1,867.98,5,Debit
903,5/4/2025,1026,2053,404,3,1830.45,15,Credit
904,5/4/2025,1046,2078,404,2,454.43,10,Debit
905,5/4/2025,1156,2003,402,3,1925.9,15,Credit
906,5/4/2025,1124,2014,404,3,0,15,Cash
907,5/4/2025,1011,2008,403,2,106.54,10,Cash
908,5/4/2025,1003,2090,402,2,57.31,10,Cash
909,5/4/2025,1132,2066,401,3,1548.18,15,Credit
910,5/4/2025,1169,2093,402,3,755.94,15,Debit
911,5/4/2025,1088,2084,404,1,0,5,Cash
912,5/4/2025,1142,2078,401,0,568.04,0,Debit
913,5/4/2025,1164,2020,404,3,1879.15,15,Credit
914,5/4/2025,1042,2009,404,2,53.05,10,Cash
915,5/4/2025,1061,2042,403,0,167.61,0,Cash
916,5/4/2025,1129,2028,404,3,2551.76,15,Online
917,5/4/2025,1060,2010,404,3,544.88,15,Debit
918,5/4/2025,1146,2057,401,3,436.98,15,Debit
919,5/4/2025,1114,2040,401,3,34.54,15,Cash
920,5/4/2025,1190,2083,401,0,2304.48,0,Online
921,5/4/2025,1103,2052,401,0,2193.78,0,Online
922,5/4/2025,1023,2077,403,1,505.65,5,Debit
923,5/4/2025,1167,2085,404,2,387.44,10,Debit
924,5/4/2025,1093,2006,402,3,594,15,Debit
925,5/4/2025,1084,2071,404,2,492.13,10,Debit
926,5/4/2025,1183,2057,401,0,873.96,0,Debit
927,5/4/2025,1194,2084,402,0,563.7,0,Debit
928,5/4/2025,1087,2045,403,2,499.42,10,Debit
929,5/4/2025,1179,2013,401,1,1683.65,5,Credit
930,5/4/2025,1126,2017,404,0,927.4,0,Debit
931,5/4/2025,1065,2078,402,1,127.81,5,Cash
932,5/4/2025,1030,2050,402,3,186.78,15,Cash
933,5/4/2025,1005,2024,403,0,621.35,0,Debit
934,5/4/2025,1193,2053,401,0,1830.45,0,Credit
935,5/4/2025,1197,2057,404,1,1179.85,5,Credit
936,5/4/2025,1127,2000,401,3,969.31,15,Debit
937,5/4/2025,1149,2061,402,1,359.86,5,Debit
938,5/4/2025,1187,2016,401,3,2584.16,15,Online
939,5/4/2025,1168,2076,403,3,2418.21,15,Online
940,5/4/2025,1107,2077,402,2,898.93,10,Debit
941,5/4/2025,1101,2043,403,3,3493.8,15,Online
942,5/4/2025,1034,2017,404,2,0,10,Cash
943,5/4/2025,1179,2070,403,1,61.52,5,Cash
944,5/4/2025,1051,2026,403,2,338.5,10,Debit
945,5/4/2025,1172,2016,402,2,516.83,10,Debit
946,5/4/2025,1181,2014,403,3,246.3,15,Cash
947,5/4/2025,1149,2073,404,2,799.09,10,Debit
948,5/4/2025,1108,2001,401,0,412.35,0,Debit
949,5/4/2025,1097,2018,401,0,1084.52,0,Credit
950,5/4/2025,1051,2034,402,2,217.87,10,Cash
951,5/4/2025,1174,2032,402,0,4728,0,Online
952,5/4/2025,1176,2037,402,0,720.28,0,Debit
953,5/4/2025,1091,2057,401,1,786.56,5,Debit
954,5/4/2025,1190,2082,404,1,239.94,5,Cash
955,5/4/2025,1130,2089,403,0,413.52,0,Debit
956,5/4/2025,1097,2049,404,2,0,10,Cash
957,5/4/2025,1141,2006,401,2,0,10,Cash
958,5/4/2025,1051,2079,404,1,1710.97,5,Credit
959,5/4/2025,1162,2090,403,1,257.9,5,Cash
960,5/4/2025,1198,2092,402,2,771.54,10,Debit
961,5/4/2025,1114,2022,401,1,3020.31,5,Online
962,5/4/2025,1044,2094,401,3,493.35,15,Debit
963,5/4/2025,1010,2054,403,2,720.41,10,Debit
964,5/4/2025,1033,2020,403,0,751.66,0,Debit
965,5/4/2025,1084,2059,402,0,0,0,Cash
966,5/4/2025,1039,2041,401,2,0,10,Cash
967,5/4/2025,1125,2073,403,0,1997.72,0,Credit
968,5/4/2025,1005,2090,403,1,193.43,5,Cash
969,5/4/2025,1047,2066,401,1,464.45,5,Debit
970,5/4/2025,1106,2069,404,0,464.78,0,Debit
971,5/4/2025,1089,2028,402,2,0,10,Cash
972,5/4/2025,1084,2046,403,1,0,5,Cash
973,5/4/2025,1192,2079,404,0,950.54,0,Debit
974,5/4/2025,1029,2085,403,3,726.45,15,Debit
975,5/4/2025,1061,2082,402,0,533.2,0,Debit
976,5/4/2025,1174,2041,404,0,804.21,0,Debit
977,5/4/2025,1098,2032,403,0,0,0,Cash
978,5/4/2025,1132,2098,403,3,3631.44,15,Online
979,5/4/2025,1124,2005,403,1,1157.71,5,Credit
980,5/4/2025,1082,2065,401,0,1411.02,0,Credit
981,5/4/2025,1042,2098,401,0,4539.3,0,Online
982,5/4/2025,1053,2085,402,3,726.45,15,Debit
983,5/4/2025,1026,2026,404,0,423.12,0,Debit
984,5/4/2025,1191,2087,402,0,477.96,0,Debit
985,5/4/2025,1117,2091,403,0,1811.58,0,Credit
986,5/4/2025,1022,2009,401,1,119.36,5,Cash
987,5/4/2025,1064,2071,401,1,1107.29,5,Credit
988,5/4/2025,1066,2052,404,3,5118.82,15,Online
989,5/4/2025,1161,2051,404,2,375.42,10,Debit
990,5/4/2025,1004,2049,401,0,939.84,0,Debit
991,5/4/2025,1164,2092,401,0,2893.26,0,Online
992,5/4/2025,1179,2009,403,0,66.31,0,Cash
993,5/4/2025,1074,2087,403,0,477.96,0,Debit
994,5/4/2025,1072,2097,404,3,842.1,15,Debit
995,5/4/2025,1101,2084,401,3,1127.4,15,Credit
996,5/4/2025,1040,2068,402,1,2952.86,5,Online
997,5/4/2025,1191,2050,403,1,504.31,5,Debit
998,5/4/2025,1076,2086,403,0,2682.3,0,Online
999,5/4/2025,1141,2071,402,0,1230.32,0,Credit
1000,5/4/2025,1010,2000,404,0,3877.24,0,Online
1001,5/4/2025,1078,2026,403,1,761.62,5,Debit
1002,5/4/2025,1105,2082,402,1,239.94,5,Cash
1003,5/4/2025,1047,2028,403,1,1148.29,5,Credit
1004,5/4/2025,1029,2023,401,3,2818.62,15,Online
1005,5/4/2025,1165,2070,401,2,54.69,10,Cash
1006,5/4/2025,1171,2008,403,0,133.18,0,Cash
1007,5/4/2025,1050,2092,404,2,771.54,10,Debit
1008,5/4/2025,1091,2016,402,0,1292.08,0,Credit
1009,5/4/2025,1072,2079,401,1,855.49,5,Debit
1010,5/4/2025,1081,2062,404,2,495.49,10,Debit
1011,5/4/2025,1157,2084,403,1,253.67,5,Cash
1012,5/4/2025,1144,2072,403,2,672.48,10,Debit
1013,5/4/2025,1109,2021,401,2,668.33,10,Debit
1014,5/4/2025,1063,2028,404,2,510.35,10,Debit
1015,5/4/2025,1092,2017,403,3,1854.8,15,Credit
1016,5/4/2025,1118,2057,403,2,699.17,10,Debit
1017,5/4/2025,1124,2070,401,1,30.76,5,Cash
1018,5/4/2025,1165,2077,401,2,449.46,10,Debit
1019,5/4/2025,1035,2068,402,2,1968.58,10,Credit
1020,5/4/2025,1187,2080,401,0,0,0,Cash
1021,5/4/2025,1004,2064,401,3,882.12,15,Debit
1022,5/4/2025,1196,2075,402,0,2341.92,0,Online
1023,5/4/2025,1141,2033,404,1,0,5,Cash
1024,5/4/2025,1093,2050,402,2,448.27,10,Debit
1025,5/4/2025,1034,2059,401,3,1536.15,15,Credit
1026,5/4/2025,1093,2064,401,1,793.91,5,Debit
1027,5/4/2025,1157,2087,402,1,286.78,5,Cash
1028,5/4/2025,1114,2020,402,1,676.49,5,Debit
1029,5/4/2025,1188,2093,404,2,1814.26,10,Credit
1030,5/4/2025,1010,2028,404,1,1148.29,5,Credit
1031,5/4/2025,1016,2033,403,1,2257.88,5,Online
1032,5/4/2025,1010,2085,402,2,387.44,10,Debit
1033,5/4/2025,1099,2060,404,0,0,0,Cash
1034,5/4/2025,1010,2083,403,0,768.16,0,Debit
1035,5/4/2025,1180,2066,403,2,1238.54,10,Credit
1036,5/4/2025,1148,2069,402,3,697.17,15,Debit
1037,5/4/2025,1167,2048,403,0,1072.89,0,Credit
1038,5/4/2025,1132,2032,404,1,851.04,5,Debit
1039,5/4/2025,1132,2051,403,2,187.71,10,Cash
1040,5/4/2025,1124,2061,401,1,0,5,Cash
1041,5/4/2025,1112,2021,402,0,835.41,0,Debit
1042,5/4/2025,1131,2082,403,1,239.94,5,Cash
1043,5/4/2025,1038,2023,402,2,0,10,Cash
1044,5/4/2025,1154,2091,401,1,3260.84,5,Online
1045,5/4/2025,1106,2042,401,3,1173.27,15,Credit
1046,5/4/2025,1172,2061,404,1,719.71,5,Debit
1047,5/4/2025,1151,2020,404,0,1127.49,0,Credit
1048,5/4/2025,1062,2005,402,1,385.9,5,Debit
1049,5/4/2025,1034,2080,401,1,2996.14,5,Online
1050,5/4/2025,1014,2021,403,1,1503.74,5,Credit
1051,5/4/2025,1132,2051,401,2,281.57,10,Cash
1052,5/4/2025,1021,2027,404,3,775.83,15,Debit
1053,5/4/2025,1123,2021,402,3,0,15,Cash
1054,5/4/2025,1153,2018,402,2,867.62,10,Debit
1055,5/4/2025,1042,2092,403,3,1446.63,15,Credit
1056,5/4/2025,1152,2075,401,1,2107.73,5,Online
1057,5/4/2025,1096,2049,402,0,939.84,0,Debit
1058,5/4/2025,1004,2025,404,1,0,5,Cash
1059,5/4/2025,1155,2012,402,3,623.19,15,Debit
1060,5/4/2025,1157,2076,401,0,2418.21,0,Online
1061,5/4/2025,1023,2061,402,0,199.92,0,Cash
1062,5/4/2025,1198,2086,404,3,894.1,15,Debit
1063,5/4/2025,1094,2005,404,1,771.8,5,Debit
1064,5/4/2025,1123,2098,404,2,3631.44,10,Online
1065,5/4/2025,1150,2094,401,3,2466.75,15,Online
1066,5/4/2025,1034,2032,404,1,1702.08,5,Credit
1067,5/4/2025,1021,2036,404,2,348.77,10,Debit
1068,5/4/2025,1048,2000,401,0,4846.55,0,Online
1069,5/4/2025,1133,2000,404,1,872.38,5,Debit
1070,5/4/2025,1176,2040,404,2,55.26,10,Cash
1071,5/4/2025,1027,2019,404,2,747.14,10,Debit
1072,5/4/2025,1066,2068,404,2,1968.58,10,Credit
1073,5/4/2025,1156,2035,404,1,0,5,Cash
1074,5/4/2025,1105,2070,404,1,0,5,Cash
1075,5/4/2025,1094,2071,404,2,984.26,10,Debit
1076,5/4/2025,1078,2073,403,3,499.43,15,Debit
1077,5/4/2025,1188,2017,401,1,417.33,5,Debit
1078,5/4/2025,1114,2089,402,0,827.04,0,Debit
1079,5/4/2025,1054,2065,404,2,376.27,10,Debit
1080,5/4/2025,1140,2078,401,1,255.62,5,Cash
1081,5/4/2025,1099,2081,401,0,1492.44,0,Credit
1082,5/4/2025,1037,2060,404,0,1225.14,0,Credit
1083,5/4/2025,1016,2033,402,2,2007,10,Online
1084,5/4/2025,1020,2077,401,3,561.83,15,Debit
1085,5/4/2025,1102,2078,403,0,142.01,0,Cash
1086,5/4/2025,1198,2022,404,3,671.18,15,Debit
1087,5/4/2025,1002,2025,403,1,503.32,5,Debit
1088,5/4/2025,1008,2076,402,1,1450.93,5,Credit
1089,5/4/2025,1172,2004,403,1,834.52,5,Debit
1090,5/4/2025,1167,2000,402,0,969.31,0,Debit
1091,5/4/2025,1070,2099,404,2,1551.17,10,Credit
1092,5/4/2025,1171,2050,404,1,168.1,5,Cash
1093,5/4/2025,1132,2001,401,0,2061.75,0,Online
1094,5/4/2025,1140,2036,403,2,348.77,10,Debit
1095,5/4/2025,1070,2028,402,3,2551.76,15,Online
1096,5/4/2025,1103,2073,401,2,0,10,Cash
1097,5/4/2025,1044,2052,401,0,2193.78,0,Online
1098,5/4/2025,1128,2037,403,0,0,0,Cash
1099,5/4/2025,1131,2032,403,3,4728,15,Online
1100,5/4/2025,1096,2072,404,1,378.27,5,Debit
1101,5/4/2025,1193,2043,404,3,2620.35,15,Online
1102,5/4/2025,1150,2003,404,0,1155.54,0,Credit
1103,5/4/2025,1066,2008,404,1,59.93,5,Cash
1104,5/4/2025,1173,2089,402,2,0,10,Cash
1105,5/4/2025,1105,2045,401,2,499.42,10,Debit
1106,5/4/2025,1063,2036,401,3,653.94,15,Debit
1107,5/4/2025,1172,2095,403,0,981.58,0,Debit
1108,5/4/2025,1141,2022,404,2,0,10,Cash
1109,5/4/2025,1090,2027,403,1,698.25,5,Debit
1110,5/4/2025,1191,2087,402,3,955.92,15,Debit
1111,5/4/2025,1188,2025,402,1,251.66,5,Cash
1112,5/4/2025,1067,2026,402,1,380.81,5,Debit
1113,5/4/2025,1063,2079,403,1,1710.97,5,Credit
1114,5/4/2025,1199,2013,401,0,5612.16,0,Online
1115,5/4/2025,1173,2084,404,0,281.85,0,Cash
1116,5/4/2025,1195,2069,401,3,697.17,15,Debit
1117,5/4/2025,1095,2079,403,3,950.54,15,Debit
1118,5/4/2025,1147,2035,404,1,809.99,5,Debit
1119,5/4/2025,1195,2065,403,3,1411.02,15,Credit
1120,5/4/2025,1056,2096,402,0,0,0,Cash
1121,5/4/2025,1134,2054,404,0,3602.04,0,Online
1122,5/4/2025,1128,2044,404,1,373.64,5,Debit
1123,5/4/2025,1117,2015,404,2,1619.93,10,Credit
1124,5/4/2025,1176,2001,401,1,371.12,5,Debit
1125,5/4/2025,1097,2074,401,2,527.6,10,Debit
1126,5/4/2025,1092,2078,403,1,383.43,5,Debit
1127,5/4/2025,1140,2033,402,2,1338,10,Credit
1128,5/4/2025,1120,2078,403,2,227.22,10,Cash
1129,5/4/2025,1047,2063,404,1,0,5,Cash
1130,5/4/2025,1107,2089,403,2,330.82,10,Debit
1131,5/4/2025,1102,2035,404,1,1619.98,5,Credit
1132,5/4/2025,1146,2016,402,0,0,0,Cash
1133,5/4/2025,1184,2034,402,3,680.85,15,Debit
1134,5/4/2025,1097,2025,402,1,1258.29,5,Credit
1135,5/4/2025,1121,2001,402,3,0,15,Cash
1136,5/4/2025,1127,2017,403,3,0,15,Cash
1137,5/4/2025,1076,2032,401,3,6619.2,15,Online
1138,5/4/2025,1025,2088,402,0,0,0,Cash
1139,5/4/2025,1055,2032,404,0,945.6,0,Debit
1140,5/4/2025,1115,2095,403,2,0,10,Cash
1141,5/4/2025,1092,2046,403,2,80.23,10,Cash
1142,5/4/2025,1005,2052,401,2,1170.02,10,Credit
1143,5/4/2025,1173,2077,402,1,1516.94,5,Credit
1144,5/4/2025,1199,2036,403,2,871.92,10,Debit
1145,5/4/2025,1172,2065,404,3,2822.04,15,Online
1146,5/4/2025,1020,2048,403,3,1072.89,15,Credit
1147,5/4/2025,1161,2018,402,2,1301.42,10,Credit
1148,5/4/2025,1107,2080,404,0,4993.56,0,Online
1149,5/4/2025,1020,2020,403,1,1014.74,5,Credit
1150,5/4/2025,1080,2040,403,2,55.26,10,Cash
1151,5/4/2025,1154,2082,404,2,639.84,10,Debit
1152,5/4/2025,1113,2099,403,3,646.32,15,Debit
1153,5/4/2025,1105,2021,402,0,835.41,0,Debit
1154,5/4/2025,1032,2093,402,2,2419.01,10,Online
1155,5/4/2025,1190,2089,401,1,0,5,Cash
1156,5/4/2025,1042,2050,401,0,1120.68,0,Credit
1157,5/4/2025,1016,2060,401,0,816.76,0,Debit
1158,5/4/2025,1197,2050,401,0,560.34,0,Debit
1159,5/4/2025,1067,2079,402,0,1901.08,0,Credit
1160,5/4/2025,1167,2049,403,1,0,5,Cash
1161,5/4/2025,1063,2094,403,3,493.35,15,Debit
1162,5/4/2025,1160,2016,402,1,1162.87,5,Credit
1163,5/4/2025,1007,2004,403,2,2225.4,10,Online
1164,5/4/2025,1121,2059,403,3,2048.2,15,Online
1165,5/4/2025,1034,2089,402,3,2481.12,15,Online
1166,5/4/2025,1161,2095,404,2,392.63,10,Debit
1167,5/4/2025,1088,2061,402,0,799.68,0,Debit
1168,5/4/2025,1113,2039,403,3,976.44,15,Debit
1169,5/4/2025,1066,2019,403,0,933.93,0,Debit
1170,5/4/2025,1000,2066,402,2,412.85,10,Debit
1171,5/4/2025,1073,2060,401,3,0,15,Cash
1172,5/4/2025,1193,2061,403,0,199.92,0,Cash
1173,5/4/2025,1196,2055,403,1,194.18,5,Cash
1174,5/4/2025,1001,2070,403,1,61.52,5,Cash
1175,5/4/2025,1105,2071,404,3,615.16,15,Debit
1176,5/4/2025,1063,2020,404,3,375.83,15,Debit
1177,5/4/2025,1056,2033,401,3,836.25,15,Debit
1178,5/4/2025,1160,2030,403,2,271.95,10,Cash
1179,5/4/2025,1166,2095,403,3,1472.37,15,Credit
1180,5/4/2025,1048,2008,402,1,0,5,Cash
1181,5/4/2025,1074,2014,404,3,738.9,15,Debit
1182,5/4/2025,1069,2089,404,1,372.17,5,Debit
1183,5/4/2025,1082,2002,402,0,1732,0,Credit
1184,5/4/2025,1136,2002,402,0,1732,0,Credit
1185,5/4/2025,1072,2034,402,3,0,15,Cash
1186,5/4/2025,1186,2001,402,0,824.7,0,Debit
1187,5/4/2025,1038,2001,404,1,0,5,Cash
1188,5/4/2025,1087,2053,403,3,2440.6,15,Online
1189,5/4/2025,1095,2059,401,2,1638.56,10,Credit
1190,5/4/2025,1020,2096,402,0,2688.72,0,Online
1191,5/4/2025,1068,2099,404,0,1938.96,0,Credit
1192,5/4/2025,1139,2060,402,1,1102.63,5,Credit
1193,5/4/2025,1064,2048,401,0,715.26,0,Debit
1194,5/4/2025,1196,2091,402,3,0,15,Cash
1195,5/4/2025,1197,2056,402,0,1049.44,0,Credit
1196,5/4/2025,1050,2058,401,1,1800.22,5,Credit
1197,5/4/2025,1121,2049,403,2,751.87,10,Debit
1198,5/4/2025,1040,2080,401,0,1664.52,0,Credit
1199,5/4/2025,1064,2061,403,1,179.93,5,Cash
1200,5/4/2025,1092,2006,402,0,198,0,Cash
1201,5/4/2025,1060,2081,404,2,1193.95,10,Credit
1202,5/4/2025,1003,2021,403,0,2506.23,0,Online
1203,5/4/2025,1101,2031,401,0,1130.6,0,Credit
1204,5/4/2025,1148,2088,404,1,0,5,Cash
1205,5/4/2025,1095,2098,401,1,2451.22,5,Online
1206,5/4/2025,1040,2063,401,2,883.94,10,Debit
1207,5/4/2025,1194,2080,401,0,1664.52,0,Credit
1208,5/4/2025,1091,2082,402,0,0,0,Cash
1209,5/4/2025,1032,2062,402,2,1981.95,10,Credit
1210,5/4/2025,1142,2082,403,3,799.8,15,Debit
1211,5/4/2025,1187,2024,401,3,372.81,15,Debit
1212,5/4/2025,1091,2092,402,2,385.77,10,Debit
1213,5/4/2025,1010,2062,404,2,990.98,10,Debit
1214,5/4/2025,1138,2089,404,1,744.34,5,Debit
1215,5/4/2025,1145,2023,403,2,1503.26,10,Credit
1216,5/4/2025,1187,2059,403,1,1843.38,5,Credit
1217,5/4/2025,1017,2067,402,3,0,15,Cash
1218,5/4/2025,1075,2033,403,3,836.25,15,Debit
1219,5/4/2025,1000,2099,404,1,2326.75,5,Online
1220,5/4/2025,1004,2079,403,1,0,5,Cash
1221,5/4/2025,1082,2092,401,3,0,15,Cash
1222,5/4/2025,1048,2067,404,1,785.56,5,Debit
1223,5/4/2025,1156,2036,403,3,0,15,Cash
1224,5/4/2025,1164,2041,401,0,804.21,0,Debit
1225,5/4/2025,1133,2084,401,0,0,0,Cash
1226,5/4/2025,1033,2022,401,1,604.06,5,Debit
1227,5/4/2025,1027,2062,402,0,1238.72,0,Credit
1228,5/4/2025,1008,2073,404,3,1498.29,15,Credit
1229,5/4/2025,1134,2079,403,0,950.54,0,Debit
1230,5/4/2025,1093,2028,401,0,1275.88,0,Credit
1231,5/4/2025,1053,2083,404,0,2304.48,0,Online
1232,5/4/2025,1119,2081,401,2,0,10,Cash
1233,5/4/2025,1142,2095,404,2,1177.9,10,Credit
1234,5/4/2025,1181,2007,403,0,583.39,0,Debit
1235,5/4/2025,1187,2009,403,0,265.24,0,Cash
1236,5/4/2025,1055,2066,401,0,2580.3,0,Online
1237,5/4/2025,1185,2029,404,1,12.16,5,Cash
1238,5/4/2025,1049,2067,402,1,261.86,5,Cash
1239,5/4/2025,1142,2095,404,0,1963.16,0,Credit
1240,5/4/2025,1196,2081,403,3,746.22,15,Debit
1241,5/4/2025,1179,2085,404,0,242.15,0,Cash
1242,5/4/2025,1042,2023,404,2,2254.9,10,Online
1243,5/4/2025,1168,2020,404,2,601.33,10,Debit
1244,5/4/2025,1080,2070,403,2,0,10,Cash
1245,5/4/2025,1105,2097,404,2,673.68,10,Debit
1246,5/4/2025,1155,2030,402,3,509.91,15,Debit
1247,5/4/2025,1196,2070,403,2,27.34,10,Cash
1248,5/4/2025,1115,2057,404,0,1747.92,0,Credit
1249,5/4/2025,1185,2004,403,0,2781.75,0,Online
1250,5/4/2025,1132,2017,403,0,0,0,Cash
1251,5/4/2025,1076,2028,402,2,1020.7,10,Credit
1252,5/4/2025,1005,2098,403,1,3268.3,5,Online
1253,5/4/2025,1024,2004,404,2,1483.6,10,Credit
1254,5/4/2025,1039,2017,403,2,370.96,10,Debit
1255,5/4/2025,1149,2031,402,2,904.48,10,Debit
1256,5/4/2025,1076,2011,404,1,737.53,5,Debit
1257,5/4/2025,1187,2009,403,3,198.93,15,Cash
1258,5/4/2025,1044,2062,401,2,495.49,10,Debit
1259,5/4/2025,1009,2093,404,0,0,0,Cash
1260,5/4/2025,1199,2007,403,2,1400.14,10,Credit
1261,5/4/2025,1111,2053,401,1,3294.81,5,Online
1262,5/4/2025,1191,2083,401,3,768.16,15,Debit
1263,5/4/2025,1013,2039,401,2,1562.3,10,Credit
1264,5/4/2025,1138,2072,402,2,672.48,10,Debit
1265,5/4/2025,1128,2089,402,1,744.34,5,Debit
1266,5/4/2025,1012,2086,404,3,2682.3,15,Online
1267,5/4/2025,1192,2076,401,1,1450.93,5,Credit
1268,5/4/2025,1110,2037,404,1,324.13,5,Debit
1269,5/4/2025,1033,2043,401,3,4367.25,15,Online
1270,5/4/2025,1146,2095,401,3,1963.16,15,Credit
1271,5/4/2025,1067,2010,404,3,0,15,Cash
1272,5/4/2025,1198,2089,402,1,744.34,5,Debit
1273,5/4/2025,1123,2071,402,3,1845.48,15,Credit
1274,5/4/2025,1101,2083,402,1,2074.03,5,Online
1275,5/4/2025,1062,2009,403,3,66.31,15,Cash
1276,5/4/2025,1082,2087,401,0,318.64,0,Debit
1277,5/4/2025,1171,2052,404,2,0,10,Cash
1278,5/4/2025,1089,2024,403,2,298.25,10,Cash
1279,5/4/2025,1152,2083,401,2,1843.58,10,Credit
1280,5/4/2025,1043,2044,404,1,373.64,5,Debit
1281,5/4/2025,1112,2005,402,1,0,5,Cash
1282,5/4/2025,1175,2047,402,0,1004.94,0,Credit
1283,5/4/2025,1028,2094,401,1,888.03,5,Debit
1284,5/4/2025,1158,2018,403,0,2169.04,0,Online
1285,5/4/2025,1087,2088,401,2,567.48,10,Debit
1286,5/4/2025,1115,2060,401,2,980.11,10,Debit
1287,5/4/2025,1053,2094,402,1,888.03,5,Debit
1288,5/4/2025,1139,2066,403,3,2580.3,15,Online
1289,5/4/2025,1159,2093,402,0,0,0,Cash
1290,5/4/2025,1096,2074,401,2,1055.2,10,Credit
1291,5/4/2025,1043,2007,403,1,525.05,5,Debit
1292,5/4/2025,1178,2079,403,0,950.54,0,Debit
1293,5/4/2025,1119,2083,401,0,768.16,0,Debit
1294,5/4/2025,1099,2084,403,2,0,10,Cash
1295,5/4/2025,1027,2002,403,3,866,15,Debit
1296,5/4/2025,1059,2048,401,2,572.21,10,Debit
1297,5/4/2025,1124,2076,401,1,2176.39,5,Online
1298,5/4/2025,1050,2064,404,0,1470.2,0,Credit
1299,5/4/2025,1010,2031,403,2,1356.72,10,Credit
1300,5/4/2025,1125,2050,402,0,373.56,0,Debit
1301,5/4/2025,1088,2087,403,2,509.82,10,Debit
1302,5/4/2025,1160,2038,402,2,2223.62,10,Online
1303,5/4/2025,1015,2080,403,3,2496.78,15,Online
1304,5/4/2025,1007,2071,403,1,553.64,5,Debit
1305,5/4/2025,1038,2043,404,1,786.1,5,Debit
1306,5/4/2025,1022,2093,404,1,2721.38,5,Online
1307,5/4/2025,1106,2030,402,3,1019.82,15,Credit
1308,5/4/2025,1079,2077,403,3,561.83,15,Debit
1309,5/4/2025,1138,2016,402,1,872.15,5,Debit
1310,5/4/2025,1148,2069,402,1,418.3,5,Debit
1311,5/4/2025,1079,2088,402,3,709.35,15,Debit
1312,5/4/2025,1197,2018,402,2,867.62,10,Debit
1313,5/4/2025,1017,2071,401,1,553.64,5,Debit
1314,5/4/2025,1081,2018,401,2,867.62,10,Debit
1315,5/4/2025,1105,2052,403,3,731.26,15,Debit
1316,5/4/2025,1190,2081,403,1,0,5,Cash
1317,5/4/2025,1199,2024,401,1,223.69,5,Cash
1318,5/4/2025,1047,2003,403,1,346.66,5,Debit
1319,5/4/2025,1152,2029,402,0,27.02,0,Cash
1320,5/4/2025,1091,2010,404,1,210.17,5,Cash
1321,5/4/2025,1128,2077,404,2,0,10,Cash
1322,5/4/2025,1047,2049,404,3,0,15,Cash
1323,5/4/2025,1035,2020,402,1,676.49,5,Debit
1324,5/4/2025,1008,2052,401,2,585.01,10,Debit
1325,5/4/2025,1105,2028,402,1,1148.29,5,Credit
1326,5/4/2025,1016,2022,404,3,2684.72,15,Online
1327,5/4/2025,1176,2041,404,1,1447.58,5,Credit
1328,5/4/2025,1109,2051,401,3,469.28,15,Debit
1329,5/4/2025,1184,2040,404,0,103.62,0,Cash
1330,5/4/2025,1133,2013,404,3,3741.44,15,Online
1331,5/4/2025,1010,2031,404,0,1130.6,0,Credit
1332,5/4/2025,1142,2049,401,1,0,5,Cash
1333,5/4/2025,1074,2056,404,2,839.55,10,Debit
1334,5/4/2025,1198,2036,404,1,392.36,5,Debit
1335,5/4/2025,1108,2037,401,1,648.25,5,Debit
1336,5/4/2025,1118,2082,404,0,799.8,0,Debit
1337,5/4/2025,1184,2064,401,1,264.64,5,Cash
1338,5/4/2025,1199,2074,402,3,1978.5,15,Credit
1339,5/4/2025,1105,2041,404,0,0,0,Cash
1340,5/4/2025,1045,2058,402,3,0,15,Cash
1341,5/4/2025,1023,2032,403,1,1702.08,5,Credit
1342,5/4/2025,1183,2093,401,0,2267.82,0,Online
1343,5/4/2025,1029,2090,404,2,57.31,10,Cash
1344,5/4/2025,1021,2067,404,1,261.86,5,Cash
1345,5/4/2025,1096,2070,404,0,136.72,0,Cash
1346,5/4/2025,1196,2021,403,1,751.87,5,Debit
1347,5/4/2025,1041,2018,402,0,1084.52,0,Credit
1348,5/4/2025,1107,2039,403,3,0,15,Cash
1349,5/4/2025,1073,2080,402,0,3329.04,0,Online
1350,5/4/2025,1033,2025,401,2,671.09,10,Debit
1351,5/4/2025,1003,2058,404,3,2000.25,15,Online
1352,5/4/2025,1139,2000,404,1,1744.76,5,Credit
1353,5/4/2025,1055,2075,404,3,3122.56,15,Online
1354,5/4/2025,1104,2056,401,0,1574.16,0,Credit
1355,5/4/2025,1062,2070,403,1,30.76,5,Cash
1356,5/4/2025,1012,2023,402,0,2818.62,0,Online
1357,5/4/2025,1167,2044,401,1,560.47,5,Debit
1358,5/4/2025,1008,2085,403,2,0,10,Cash
1359,5/4/2025,1022,2006,401,3,990,15,Debit
1360,5/4/2025,1045,2020,403,1,1352.99,5,Credit
1361,5/4/2025,1116,2095,403,0,981.58,0,Debit
1362,5/4/2025,1023,2098,403,2,1452.58,10,Credit
1363,5/4/2025,1094,2048,401,3,1072.89,15,Credit
1364,5/4/2025,1140,2008,403,3,0,15,Cash
1365,5/4/2025,1034,2015,403,2,1079.95,10,Credit
1366,5/4/2025,1134,2052,402,1,1316.27,5,Credit
1367,5/4/2025,1156,2007,401,0,1750.17,0,Credit
1368,5/4/2025,1123,2092,403,3,0,15,Cash
1369,5/4/2025,1155,2040,403,2,27.63,10,Cash
1370,5/4/2025,1033,2078,404,3,568.04,15,Debit
1371,5/4/2025,1126,2023,402,2,2254.9,10,Online
1372,5/4/2025,1049,2000,401,0,3877.24,0,Online
1373,5/4/2025,1119,2080,401,1,0,5,Cash
1374,5/4/2025,1157,2053,404,0,1830.45,0,Credit
1375,5/4/2025,1085,2044,402,0,207.58,0,Cash
1376,5/4/2025,1163,2025,403,2,447.39,10,Debit
1377,5/4/2025,1017,2039,403,2,3905.76,10,Online
1378,5/4/2025,1196,2000,401,2,0,10,Cash
1379,5/4/2025,1087,2050,401,1,168.1,5,Cash
1380,5/4/2025,1049,2042,403,3,670.44,15,Debit
1381,5/4/2025,1121,2004,402,3,3709,15,Online
1382,5/4/2025,1039,2080,404,2,665.81,10,Debit
1383,5/4/2025,1118,2052,401,2,0,10,Cash
1384,5/4/2025,1144,2092,403,0,1446.63,0,Credit
1385,5/4/2025,1053,2073,403,2,1198.63,10,Credit
1386,5/4/2025,1016,2019,403,0,0,0,Cash
1387,5/4/2025,1086,2048,402,3,1072.89,15,Credit
1388,5/4/2025,1047,2076,401,2,0,10,Cash
1389,5/4/2025,1180,2040,401,2,110.53,10,Cash
1390,5/4/2025,1105,2011,404,1,0,5,Cash
1391,5/4/2025,1095,2057,403,1,786.56,5,Debit
1392,5/4/2025,1134,2038,402,0,926.51,0,Debit
1393,5/4/2025,1095,2004,402,0,0,0,Cash
1394,5/4/2025,1113,2064,401,3,294.04,15,Cash
1395,5/4/2025,1128,2019,402,2,1494.29,10,Credit
1396,5/4/2025,1123,2093,403,2,3023.76,10,Online
1397,5/4/2025,1036,2098,401,1,817.07,5,Debit
1398,5/4/2025,1052,2092,401,3,1928.84,15,Credit
1399,5/4/2025,1099,2091,401,0,905.79,0,Debit
1400,5/4/2025,1079,2005,401,2,1715.12,10,Credit
1401,5/4/2025,1119,2005,401,2,686.05,10,Debit
1402,5/4/2025,1005,2073,403,1,0,5,Cash
1403,5/4/2025,1082,2025,402,2,223.7,10,Cash
1404,5/4/2025,1070,2068,403,3,2460.72,15,Online
1405,5/4/2025,1171,2015,403,1,0,5,Cash
1406,5/4/2025,1040,2035,401,0,899.99,0,Debit
1407,5/4/2025,1159,2071,401,1,1660.93,5,Credit
1408,5/4/2025,1138,2044,403,2,0,10,Cash
1409,5/4/2025,1036,2090,403,1,0,5,Cash
1410,5/4/2025,1043,2009,403,2,106.1,10,Cash
1411,5/4/2025,1138,2056,401,1,944.5,5,Debit
1412,5/4/2025,1007,2060,401,0,816.76,0,Debit
1413,5/4/2025,1098,2006,401,3,990,15,Debit
1414,5/4/2025,1100,2022,404,2,1610.83,10,Credit
1415,5/4/2025,1079,2042,402,0,167.61,0,Cash
1416,5/4/2025,1193,2097,404,1,2273.67,5,Online
1417,5/4/2025,1023,2089,404,0,413.52,0,Debit
1418,5/4/2025,1116,2039,404,3,3905.76,15,Online
1419,5/4/2025,1059,2028,402,2,1531.06,10,Credit
1420,5/4/2025,1093,2050,402,2,298.85,10,Cash
1421,5/4/2025,1083,2058,404,0,2000.25,0,Online
1422,5/4/2025,1016,2060,401,2,653.41,10,Debit
1423,5/4/2025,1122,2059,402,2,1228.92,10,Credit
1424,5/4/2025,1196,2044,402,0,207.58,0,Cash
1425,5/4/2025,1103,2091,401,2,2173.9,10,Online
1426,5/4/2025,1142,2083,401,2,1229.06,10,Credit
1427,5/4/2025,1136,2059,404,3,2560.25,15,Online
1428,5/4/2025,1061,2079,402,1,2566.46,5,Online
1429,5/4/2025,1123,2049,401,2,751.87,10,Debit
1430,5/4/2025,1053,2088,404,3,709.35,15,Debit
1431,5/4/2025,1145,2043,402,1,1572.21,5,Credit
1432,5/4/2025,1169,2085,401,3,1210.75,15,Credit
1433,5/4/2025,1029,2075,404,2,1249.02,10,Credit
1434,5/4/2025,1142,2012,404,1,1682.61,5,Credit
1435,5/4/2025,1078,2051,401,0,117.32,0,Cash
1436,5/4/2025,1175,2076,404,2,1289.71,10,Credit
1437,5/4/2025,1126,2082,401,0,1066.4,0,Credit
1438,5/4/2025,1055,2017,401,1,1669.32,5,Credit
1439,5/4/2025,1169,2019,404,2,747.14,10,Debit
1440,5/4/2025,1099,2078,404,1,383.43,5,Debit
1441,5/4/2025,1052,2087,403,2,0,10,Cash
1442,5/4/2025,1145,2086,403,3,2682.3,15,Online
1443,5/4/2025,1183,2044,401,0,1037.9,0,Credit
1444,5/4/2025,1156,2065,404,1,423.31,5,Debit
1445,5/4/2025,1075,2007,403,0,1166.78,0,Credit
1446,5/4/2025,1000,2090,403,0,143.28,0,Cash
1447,5/4/2025,1072,2003,402,3,0,15,Cash
1448,5/4/2025,1179,2075,404,2,1873.54,10,Credit
1449,5/4/2025,1182,2048,404,3,357.63,15,Debit
1450,5/4/2025,1111,2069,402,1,836.6,5,Debit
1451,5/4/2025,1121,2017,402,3,2782.2,15,Online
1452,5/4/2025,1092,2053,402,2,1464.36,10,Credit
1453,5/4/2025,1171,2016,402,0,646.04,0,Debit
1454,5/4/2025,1018,2082,401,1,0,5,Cash
1455,5/4/2025,1184,2062,404,1,1672.27,5,Credit
1456,5/4/2025,1021,2017,404,3,463.7,15,Debit
1457,5/4/2025,1178,2077,404,1,505.65,5,Debit
1458,5/4/2025,1116,2065,404,3,470.34,15,Debit
1459,5/4/2025,1098,2045,402,1,280.93,5,Cash
1460,5/4/2025,1108,2077,401,3,1685.49,15,Credit
1461,5/4/2025,1187,2030,403,3,509.91,15,Debit
1462,5/4/2025,1139,2073,403,0,499.43,0,Debit
1463,5/4/2025,1009,2072,404,2,0,10,Cash
1464,5/4/2025,1028,2074,404,0,3297.5,0,Online
1465,5/4/2025,1036,2093,403,3,0,15,Cash
1466,5/4/2025,1132,2010,401,1,0,5,Cash
1467,5/4/2025,1120,2080,401,2,665.81,10,Debit
1468,5/4/2025,1156,2006,403,0,198,0,Cash
1469,5/4/2025,1120,2058,404,2,1600.2,10,Credit
1470,5/4/2025,1107,2045,403,2,249.71,10,Cash
1471,5/4/2025,1042,2004,403,2,0,10,Cash
1472,5/4/2025,1015,2080,404,1,749.03,5,Debit
1473,5/4/2025,1146,2006,403,0,792,0,Debit
1474,5/4/2025,1073,2062,401,1,1114.85,5,Credit
1475,5/4/2025,1129,2009,403,2,0,10,Cash
1476,5/4/2025,1033,2078,403,2,340.82,10,Debit
1477,5/4/2025,1065,2001,401,1,371.12,5,Debit
1478,5/4/2025,1151,2094,402,3,493.35,15,Debit
1479,5/4/2025,1094,2022,403,1,0,5,Cash
1480,5/4/2025,1124,2023,401,2,2254.9,10,Online
1481,5/4/2025,1021,2018,402,3,542.26,15,Debit
1482,5/4/2025,1192,2052,404,1,0,5,Cash
1483,5/4/2025,1169,2056,402,1,944.5,5,Debit
1484,5/4/2025,1147,2093,403,0,2267.82,0,Online
1485,5/4/2025,1164,2033,401,0,836.25,0,Debit
1486,5/4/2025,1042,2059,404,3,3072.3,15,Online
1487,5/4/2025,1077,2060,402,3,1633.52,15,Credit
1488,5/4/2025,1174,2090,404,3,286.56,15,Cash
1489,5/4/2025,1067,2018,404,0,2169.04,0,Online
1490,5/4/2025,1073,2057,404,2,349.58,10,Debit
1491,5/4/2025,1135,2087,401,0,318.64,0,Debit
1492,5/4/2025,1136,2081,403,3,2238.66,15,Online
1493,5/4/2025,1156,2083,403,2,1229.06,10,Credit
1494,5/4/2025,1069,2034,401,2,217.87,10,Cash
1495,5/4/2025,1167,2074,404,3,2638,15,Online
1496,5/4/2025,1197,2086,402,1,2414.07,5,Online
1497,5/4/2025,1133,2043,402,2,1397.52,10,Credit
1498,5/4/2025,1140,2001,401,0,1237.05,0,Credit
1499,5/4/2025,1003,2052,401,0,731.26,0,Debit
1500,5/4/2025,1175,2057,403,1,1179.85,5,Credit
1501,5/4/2025,1185,2036,403,1,980.91,5,Debit
1502,5/4/2025,1008,2003,401,0,0,0,Cash
1503,5/4/2025,1152,2084,402,0,281.85,0,Cash
1504,5/4/2025,1181,2015,401,1,1214.95,5,Credit
1505,5/4/2025,1096,2084,402,0,0,0,Cash
1506,5/4/2025,1178,2023,403,2,1503.26,10,Credit
1507,5/4/2025,1119,2084,401,3,0,15,Cash
1508,5/4/2025,1070,2098,404,2,1452.58,10,Credit
1509,5/4/2025,1065,2020,401,2,300.66,10,Debit
1510,5/4/2025,1198,2007,404,3,2333.56,15,Online
1511,5/4/2025,1085,2007,403,2,933.42,10,Debit
1512,5/4/2025,1045,2056,401,3,3148.32,15,Online
1513,5/4/2025,1051,2078,404,1,383.43,5,Debit
1514,5/4/2025,1165,2062,401,1,557.42,5,Debit
1515,5/4/2025,1138,2098,404,1,817.07,5,Debit
1516,5/4/2025,1157,2082,401,3,1066.4,15,Credit
1517,5/4/2025,1183,2033,401,0,0,0,Cash
1518,5/4/2025,1018,2009,403,3,0,15,Cash
1519,5/4/2025,1004,2063,402,0,552.46,0,Debit
1520,5/4/2025,1009,2085,404,2,193.72,10,Cash
1521,5/4/2025,1038,2089,403,3,1240.56,15,Credit
1522,5/4/2025,1147,2000,404,3,4846.55,15,Online
1523,5/4/2025,1111,2051,401,1,211.18,5,Cash
1524,5/4/2025,1000,2049,404,0,5639.04,0,Online
1525,5/4/2025,1145,2068,403,2,656.19,10,Debit
1526,5/4/2025,1174,2038,404,0,1853.02,0,Credit
1527,5/4/2025,1161,2082,401,2,213.28,10,Cash
1528,5/4/2025,1136,2043,401,3,3493.8,15,Online
1529,5/4/2025,1194,2098,403,1,2451.22,5,Online
1530,5/4/2025,1045,2070,401,3,102.54,15,Cash
1531,5/4/2025,1169,2024,403,3,621.35,15,Debit
1532,5/4/2025,1027,2080,403,3,2496.78,15,Online
1533,5/4/2025,1021,2080,404,1,2247.1,5,Online
1534,5/4/2025,1035,2004,402,0,1854.5,0,Credit
1535,5/4/2025,1184,2075,402,3,2341.92,15,Online
1536,5/4/2025,1099,2008,403,3,66.59,15,Cash
1537,5/4/2025,1136,2057,401,0,1310.94,0,Credit
1538,5/4/2025,1086,2007,403,0,1750.17,0,Credit
1539,5/4/2025,1103,2015,402,3,2024.91,15,Online
1540,5/4/2025,1173,2068,402,1,0,5,Cash
1541,5/4/2025,1018,2004,402,3,927.25,15,Debit
1542,5/4/2025,1167,2002,404,0,866,0,Debit
1543,5/4/2025,1062,2089,402,0,2067.6,0,Online
1544,5/4/2025,1044,2080,401,2,665.81,10,Debit
1545,5/4/2025,1024,2058,402,0,2000.25,0,Online
1546,5/4/2025,1027,2014,404,1,443.34,5,Debit
1547,5/4/2025,1016,2025,404,2,671.09,10,Debit
1548,5/4/2025,1188,2086,404,2,2861.12,10,Online
1549,5/4/2025,1030,2087,402,2,382.37,10,Debit
1550,5/4/2025,1054,2097,401,1,2273.67,5,Online
1551,5/4/2025,1085,2008,401,2,106.54,10,Cash
1552,5/4/2025,1036,2096,404,1,1814.89,5,Credit
1553,5/4/2025,1178,2047,402,3,1004.94,15,Credit
1554,5/4/2025,1062,2074,401,1,1187.1,5,Credit
1555,5/4/2025,1025,2080,404,1,3745.17,5,Online
1556,5/4/2025,1004,2062,401,0,2477.44,0,Online
1557,5/4/2025,1001,2022,401,2,536.94,10,Debit
1558,5/4/2025,1106,2088,404,1,1276.83,5,Credit
1559,5/4/2025,1052,2018,403,3,2169.04,15,Online
1560,5/4/2025,1105,2030,402,0,339.94,0,Debit
1561,5/4/2025,1152,2023,404,0,1879.08,0,Credit
1562,5/4/2025,1160,2038,403,3,0,15,Cash
1563,5/4/2025,1001,2071,402,1,1660.93,5,Credit
1564,5/4/2025,1030,2067,401,2,465.52,10,Debit
1565,5/4/2025,1194,2069,402,3,929.56,15,Debit
1566,5/4/2025,1197,2080,402,2,1331.62,10,Credit
1567,5/4/2025,1013,2024,401,1,335.53,5,Debit
1568,5/4/2025,1175,2060,404,1,735.08,5,Debit
1569,5/4/2025,1040,2085,401,0,484.3,0,Debit
1570,5/4/2025,1165,2046,403,1,60.17,5,Cash
1571,5/4/2025,1111,2032,403,3,3782.4,15,Online
1572,5/4/2025,1011,2013,401,1,1683.65,5,Credit
1573,5/4/2025,1040,2003,404,0,385.18,0,Debit
1574,5/4/2025,1018,2030,404,2,135.98,10,Cash
1575,5/4/2025,1107,2025,403,1,754.97,5,Debit
1576,5/4/2025,1199,2014,403,1,0,5,Cash
1577,5/4/2025,1025,2030,404,1,0,5,Cash
1578,5/4/2025,1096,2028,401,3,2551.76,15,Online
1579,5/4/2025,1149,2062,401,3,1858.08,15,Credit
1580,5/4/2025,1037,2027,404,1,465.5,5,Debit
1581,5/4/2025,1099,2047,402,3,0,15,Cash
1582,5/4/2025,1184,2024,403,2,198.83,10,Cash
1583,5/4/2025,1051,2042,402,0,167.61,0,Cash
1584,5/4/2025,1177,2072,401,2,672.48,10,Debit
1585,5/4/2025,1034,2014,404,3,985.2,15,Debit
1586,5/4/2025,1107,2021,403,1,751.87,5,Debit
1587,5/4/2025,1075,2077,402,1,2528.24,5,Online
1588,5/4/2025,1147,2070,402,0,34.18,0,Cash
1589,5/4/2025,1105,2066,404,1,928.91,5,Debit
1590,5/4/2025,1151,2060,404,2,653.41,10,Debit
1591,5/4/2025,1003,2093,404,1,680.35,5,Debit
1592,5/4/2025,1063,2041,404,1,2171.37,5,Online
1593,5/4/2025,1151,2019,401,3,933.93,15,Debit
1594,5/4/2025,1011,2005,404,0,428.78,0,Debit
1595,5/4/2025,1108,2067,404,3,290.95,15,Cash
1596,5/4/2025,1178,2012,404,3,623.19,15,Debit
1597,5/4/2025,1061,2010,401,3,389.2,15,Debit
1598,5/4/2025,1055,2016,403,2,0,10,Cash
1599,5/4/2025,1061,2082,401,0,266.6,0,Cash
1600,5/4/2025,1122,2085,403,1,217.94,5,Cash
1601,5/4/2025,1180,2058,401,3,666.75,15,Debit
1602,5/4/2025,1118,2098,402,3,907.86,15,Debit
1603,5/4/2025,1047,2047,404,0,334.98,0,Debit
1604,5/4/2025,1160,2009,404,2,0,10,Cash
1605,5/4/2025,1135,2004,403,3,3709,15,Online
1606,5/4/2025,1192,2034,402,0,0,0,Cash
1607,5/4/2025,1158,2042,401,2,402.26,10,Debit
1608,5/4/2025,1013,2014,404,2,197.04,10,Cash
1609,5/4/2025,1119,2079,401,2,4562.59,10,Online
1610,5/4/2025,1093,2022,401,1,604.06,5,Debit
1611,5/4/2025,1035,2042,402,0,335.22,0,Debit
1612,5/4/2025,1166,2061,402,1,179.93,5,Cash
1613,5/4/2025,1082,2045,403,3,312.14,15,Debit
1614,5/4/2025,1070,2006,401,2,633.6,10,Debit
1615,5/4/2025,1088,2057,404,0,436.98,0,Debit
1616,5/4/2025,1120,2090,403,3,214.92,15,Cash
1617,5/4/2025,1158,2047,401,1,904.45,5,Debit
1618,5/4/2025,1117,2011,401,3,0,15,Cash
1619,5/4/2025,1045,2036,401,0,217.98,0,Cash
1620,5/4/2025,1042,2035,401,1,809.99,5,Debit
1621,5/4/2025,1127,2019,402,0,933.93,0,Debit
1622,5/4/2025,1075,2053,402,3,2440.6,15,Online
1623,5/4/2025,1088,2053,404,0,610.15,0,Debit
1624,5/4/2025,1074,2024,401,0,248.54,0,Cash
1625,5/4/2025,1059,2066,403,3,2064.24,15,Online
1626,5/4/2025,1148,2043,403,3,873.45,15,Debit
1627,5/4/2025,1151,2085,404,3,726.45,15,Debit
1628,5/4/2025,1077,2072,402,2,1008.72,10,Credit
1629,5/4/2025,1043,2033,402,3,836.25,15,Debit
1630,5/4/2025,1095,2036,401,1,392.36,5,Debit
1631,5/4/2025,1090,2036,404,1,588.55,5,Debit
1632,5/4/2025,1158,2020,403,1,676.49,5,Debit
1633,5/4/2025,1044,2090,402,1,0,5,Cash
1634,5/4/2025,1060,2014,401,2,591.12,10,Debit
1635,5/4/2025,1147,2016,404,2,516.83,10,Debit
1636,5/4/2025,1094,2023,402,0,1879.08,0,Credit
1637,5/4/2025,1170,2040,403,1,0,5,Cash
1638,5/4/2025,1095,2057,402,2,349.58,10,Debit
1639,5/4/2025,1031,2003,404,3,0,15,Cash
1640,5/4/2025,1196,2018,404,2,433.81,10,Debit
1641,5/4/2025,1039,2000,403,2,775.45,10,Debit
1642,5/4/2025,1121,2037,402,3,1080.42,15,Credit
1643,5/4/2025,1086,2088,401,3,2837.4,15,Online
1644,5/4/2025,1010,2017,401,2,1112.88,10,Credit
1645,5/4/2025,1006,2051,402,3,351.96,15,Debit
1646,5/4/2025,1091,2011,403,0,819.48,0,Debit
1647,5/4/2025,1155,2082,402,1,959.76,5,Debit
1648,5/4/2025,1005,2098,403,1,817.07,5,Debit
1649,5/4/2025,1005,2010,404,0,233.52,0,Cash
1650,5/4/2025,1131,2050,402,3,747.12,15,Debit
1651,5/4/2025,1081,2077,401,2,1797.86,10,Credit
1652,5/4/2025,1101,2018,404,2,867.62,10,Debit
1653,5/4/2025,1098,2047,401,2,1071.94,10,Credit
1654,5/4/2025,1088,2044,403,3,830.32,15,Debit
1655,5/4/2025,1143,2011,402,3,1229.22,15,Credit
1656,5/4/2025,1189,2053,404,2,1464.36,10,Credit
1657,5/4/2025,1041,2093,404,3,2267.82,15,Online
1658,5/4/2025,1035,2075,401,1,1405.15,5,Credit
1659,5/4/2025,1053,2038,404,2,2964.83,10,Online
1660,5/4/2025,1016,2075,404,0,3122.56,0,Online
1661,5/4/2025,1001,2052,403,3,731.26,15,Debit
1662,5/4/2025,1044,2071,404,1,553.64,5,Debit
1663,5/4/2025,1051,2023,404,2,0,10,Cash
1664,5/4/2025,1141,2062,401,2,1486.46,10,Credit
1665,5/4/2025,1149,2038,404,3,926.51,15,Debit
1666,5/4/2025,1057,2003,401,1,2079.97,5,Online
1667,5/4/2025,1067,2038,404,0,926.51,0,Debit
1668,5/4/2025,1167,2085,403,3,242.15,15,Cash
1669,5/4/2025,1045,2062,402,0,1858.08,0,Credit
1670,5/4/2025,1030,2097,403,3,3368.4,15,Online
1671,5/4/2025,1017,2076,403,3,0,15,Cash
1672,5/4/2025,1144,2055,403,3,161.82,15,Cash
1673,5/4/2025,1177,2015,403,0,674.97,0,Debit
1674,5/4/2025,1066,2020,401,1,1014.74,5,Credit
1675,5/4/2025,1081,2059,402,2,409.64,10,Debit
1676,5/4/2025,1041,2006,403,2,475.2,10,Debit
1677,5/4/2025,1107,2081,403,0,3731.1,0,Online
1678,5/4/2025,1074,2037,401,1,0,5,Cash
1679,5/4/2025,1196,2080,402,0,832.26,0,Debit
1680,5/4/2025,1153,2096,402,2,1075.49,10,Credit
1681,5/4/2025,1080,2087,403,2,127.46,10,Cash
1682,5/4/2025,1175,2089,403,0,2067.6,0,Online
1683,5/4/2025,1136,2074,403,1,593.55,5,Debit
1684,5/4/2025,1003,2017,403,2,1112.88,10,Credit
1685,5/4/2025,1199,2062,404,2,990.98,10,Debit
1686,5/4/2025,1041,2013,402,1,1683.65,5,Credit
1687,5/4/2025,1128,2028,402,0,0,0,Cash
1688,5/4/2025,1106,2058,401,0,1333.5,0,Credit
1689,5/4/2025,1033,2002,404,2,1385.6,10,Credit
1690,5/4/2025,1079,2088,403,1,2553.66,5,Online
1691,5/4/2025,1113,2076,403,1,0,5,Cash
1692,5/4/2025,1181,2038,401,0,2779.53,0,Online
1693,5/4/2025,1056,2016,402,1,872.15,5,Debit
1694,5/4/2025,1078,2016,402,1,872.15,5,Debit
1695,5/4/2025,1020,2054,401,0,1801.02,0,Credit
1696,5/4/2025,1004,2099,404,3,0,15,Cash
1697,5/4/2025,1010,2025,401,0,559.24,0,Debit
1698,5/4/2025,1168,2065,401,3,1411.02,15,Credit
1699,5/4/2025,1030,2032,401,0,945.6,0,Debit
1700,5/4/2025,1077,2085,401,0,0,0,Cash
1701,5/4/2025,1005,2015,402,1,0,5,Cash
1702,5/4/2025,1047,2085,403,0,242.15,0,Cash
1703,5/4/2025,1023,2018,403,2,0,10,Cash
1704,5/4/2025,1090,2020,402,0,751.66,0,Debit
1705,5/4/2025,1025,2074,401,1,593.55,5,Debit
1706,5/4/2025,1183,2024,403,1,335.53,5,Debit
1707,5/4/2025,1193,2068,401,0,820.24,0,Debit
1708,5/4/2025,1054,2064,404,2,235.23,10,Cash
1709,5/4/2025,1178,2075,402,3,5464.48,15,Online
1710,5/4/2025,1172,2013,402,2,2244.86,10,Online
1711,5/4/2025,1097,2054,402,1,810.46,5,Debit
1712,5/4/2025,1104,2014,403,0,246.3,0,Cash
1713,5/4/2025,1119,2014,402,3,1231.5,15,Credit
1714,5/4/2025,1195,2046,403,0,100.29,0,Cash
1715,5/4/2025,1021,2041,404,0,0,0,Cash
1716,5/4/2025,1098,2036,404,2,0,10,Cash
1717,5/4/2025,1175,2056,402,3,2098.88,15,Online
1718,5/4/2025,1074,2054,402,0,2701.53,0,Online
1719,5/4/2025,1121,2086,403,1,3218.76,5,Online
1720,5/4/2025,1003,2086,404,0,1788.2,0,Credit
1721,5/4/2025,1101,2056,401,0,524.72,0,Debit
1722,5/4/2025,1036,2050,404,0,747.12,0,Debit
1723,5/4/2025,1189,2021,401,2,1336.66,10,Credit
1724,5/4/2025,1050,2043,402,3,873.45,15,Debit
1725,5/4/2025,1031,2029,404,3,40.53,15,Cash
1726,5/4/2025,1071,2097,403,3,2526.3,15,Online
1727,5/4/2025,1091,2060,404,3,1225.14,15,Credit
1728,5/4/2025,1130,2035,402,3,899.99,15,Debit
1729,5/4/2025,1027,2015,403,3,0,15,Cash
1730,5/4/2025,1127,2029,402,0,40.53,0,Cash
1731,5/4/2025,1025,2094,401,0,1973.4,0,Credit
1732,5/4/2025,1127,2086,401,1,4828.14,5,Online
1733,5/4/2025,1097,2077,403,1,2022.59,5,Online
1734,5/4/2025,1077,2079,401,0,1901.08,0,Credit
1735,5/4/2025,1169,2096,404,3,672.18,15,Debit
1736,5/4/2025,1051,2037,404,3,1800.7,15,Credit
1737,5/4/2025,1129,2033,403,0,1672.5,0,Credit
1738,5/4/2025,1195,2004,404,0,2781.75,0,Online
1739,5/4/2025,1098,2057,403,3,1310.94,15,Credit
1740,5/4/2025,1113,2058,401,0,2000.25,0,Online
1741,5/4/2025,1045,2071,403,1,0,5,Cash
1742,5/4/2025,1125,2055,402,2,86.3,10,Cash
1743,5/4/2025,1183,2049,404,0,1879.68,0,Credit
1744,5/4/2025,1145,2086,404,3,2682.3,15,Online
1745,5/4/2025,1121,2071,402,0,1845.48,0,Credit
1746,5/4/2025,1100,2033,404,3,2508.75,15,Online
1747,5/4/2025,1157,2086,403,2,1430.56,10,Credit
1748,5/4/2025,1082,2007,401,0,1750.17,0,Credit
1749,5/4/2025,1032,2046,403,0,167.15,0,Cash
1750,5/4/2025,1195,2080,403,3,3329.04,15,Online
1751,5/4/2025,1024,2054,403,2,0,10,Cash
1752,5/4/2025,1105,2044,401,1,373.64,5,Debit
1753,5/4/2025,1063,2030,403,0,509.91,0,Debit
1754,5/4/2025,1176,2008,403,0,133.18,0,Cash
1755,5/4/2025,1086,2021,401,2,2004.98,10,Online
1756,5/4/2025,1009,2058,404,3,2000.25,15,Online
1757,5/4/2025,1068,2002,404,0,0,0,Cash
1758,5/4/2025,1081,2048,404,2,572.21,10,Debit
1759,5/4/2025,1146,2012,404,0,623.19,0,Debit
1760,5/4/2025,1176,2086,402,2,1430.56,10,Credit
1761,5/4/2025,1127,2064,403,1,529.27,5,Debit
1762,5/4/2025,1157,2038,403,3,4632.55,15,Online
1763,5/4/2025,1051,2063,401,1,0,5,Cash
1764,5/4/2025,1073,2033,401,2,1338,10,Credit
1765,5/4/2025,1146,2051,402,0,0,0,Cash
1766,5/4/2025,1183,2074,401,2,0,10,Cash
1767,5/4/2025,1069,2008,404,3,66.59,15,Cash
1768,5/4/2025,1053,2044,401,2,332.13,10,Debit
1769,5/4/2025,1129,2038,404,2,0,10,Cash
1770,5/4/2025,1051,2053,404,2,488.12,10,Debit
1771,5/4/2025,1159,2065,404,1,1693.22,5,Credit
1772,5/4/2025,1004,2080,402,3,3329.04,15,Online
1773,5/4/2025,1054,2084,404,2,901.92,10,Debit
1774,5/4/2025,1163,2068,404,0,1640.48,0,Credit
1775,5/4/2025,1133,2025,403,3,838.86,15,Debit
1776,5/4/2025,1037,2030,402,2,271.95,10,Cash
1777,5/4/2025,1111,2052,403,0,731.26,0,Debit
1778,5/4/2025,1162,2026,404,2,169.25,10,Cash
1779,5/4/2025,1073,2082,402,2,213.28,10,Cash
1780,5/4/2025,1175,2076,402,3,806.07,15,Debit
1781,5/4/2025,1061,2014,402,1,665.01,5,Debit
1782,5/4/2025,1007,2031,403,3,1695.9,15,Credit
1783,5/4/2025,1124,2071,404,3,1845.48,15,Credit
1784,5/4/2025,1165,2004,402,1,1669.05,5,Credit
1785,5/4/2025,1069,2017,401,2,0,10,Cash
1786,5/4/2025,1071,2084,402,0,281.85,0,Cash
1787,5/4/2025,1184,2062,401,0,2477.44,0,Online
1788,5/4/2025,1021,2040,403,0,69.08,0,Cash
1789,5/4/2025,1104,2046,401,3,167.15,15,Cash
1790,5/4/2025,1185,2017,402,0,1854.8,0,Credit
1791,5/4/2025,1146,2094,401,2,789.36,10,Debit
1792,5/4/2025,1127,2011,402,0,409.74,0,Debit
1793,5/4/2025,1197,2040,403,3,138.16,15,Cash
1794,5/4/2025,1191,2095,402,3,1963.16,15,Credit
1795,5/4/2025,1055,2018,401,1,488.03,5,Debit
1796,5/4/2025,1054,2035,404,3,899.99,15,Debit
1797,5/4/2025,1065,2075,401,3,3903.2,15,Online
1798,5/4/2025,1136,2047,401,2,267.98,10,Cash
1799,5/4/2025,1139,2054,404,1,3241.84,5,Online
1800,5/4/2025,1071,2018,403,3,0,15,Cash
1801,5/4/2025,1183,2047,403,0,1004.94,0,Credit
1802,5/4/2025,1165,2077,401,0,1685.49,0,Credit
1803,5/4/2025,1176,2085,402,2,581.16,10,Debit
1804,5/4/2025,1141,2049,403,2,1503.74,10,Credit
1805,5/4/2025,1175,2015,402,3,674.97,15,Debit
1806,5/4/2025,1099,2001,404,2,0,10,Cash
1807,5/4/2025,1077,2011,402,2,655.58,10,Debit
1808,5/4/2025,1053,2020,404,2,601.33,10,Debit
1809,5/4/2025,1196,2082,404,0,533.2,0,Debit
1810,5/4/2025,1070,2010,404,3,311.36,15,Debit
1811,5/4/2025,1188,2052,403,3,2925.04,15,Online
1812,5/4/2025,1025,2020,403,0,375.83,0,Debit
1813,5/4/2025,1090,2053,403,3,1830.45,15,Credit
1814,5/4/2025,1177,2003,401,1,346.66,5,Debit
1815,5/4/2025,1161,2056,402,0,1049.44,0,Credit
1816,5/4/2025,1102,2025,403,2,0,10,Cash
1817,5/4/2025,1147,2010,401,1,70.06,5,Cash
1818,5/4/2025,1063,2066,402,3,516.06,15,Debit
1819,5/4/2025,1081,2057,404,1,786.56,5,Debit
1820,5/4/2025,1066,2022,403,2,536.94,10,Debit
1821,5/4/2025,1050,2010,404,2,62.27,10,Cash
1822,5/4/2025,1046,2050,404,1,336.2,5,Debit
1823,5/4/2025,1005,2002,402,0,3464,0,Online
1824,5/4/2025,1118,2025,403,1,0,5,Cash
1825,5/4/2025,1012,2051,404,2,93.86,10,Cash
1826,5/4/2025,1038,2011,403,1,1475.06,5,Credit
1827,5/4/2025,1145,2015,401,3,2024.91,15,Online
1828,5/4/2025,1197,2058,404,0,666.75,0,Debit
1829,5/4/2025,1057,2091,402,1,815.21,5,Debit
1830,5/4/2025,1005,2034,403,3,544.68,15,Debit
1831,5/4/2025,1097,2016,404,1,290.72,5,Cash
1832,5/4/2025,1153,2027,403,1,698.25,5,Debit
1833,5/4/2025,1107,2023,404,1,2536.76,5,Online
1834,5/4/2025,1007,2037,403,1,648.25,5,Debit
1835,5/4/2025,1158,2057,402,2,699.17,10,Debit
1836,5/4/2025,1149,2087,404,0,637.28,0,Debit
1837,5/4/2025,1002,2060,402,2,326.7,10,Debit
1838,5/4/2025,1177,2050,402,3,186.78,15,Cash
1839,5/4/2025,1181,2054,403,0,1801.02,0,Credit
1840,5/4/2025,1024,2071,401,0,615.16,0,Debit
1841,5/4/2025,1085,2030,404,2,407.93,10,Debit
1842,5/4/2025,1155,2085,401,0,726.45,0,Debit
1843,5/4/2025,1064,2064,404,2,940.93,10,Debit
1844,5/4/2025,1101,2085,403,1,217.94,5,Cash
1845,5/4/2025,1143,2005,402,2,343.02,10,Debit
1846,5/4/2025,1043,2064,404,2,235.23,10,Cash
1847,5/4/2025,1119,2016,401,2,258.42,10,Cash
1848,5/4/2025,1181,2067,404,1,523.71,5,Debit
1849,5/4/2025,1066,2014,403,0,0,0,Cash
1850,5/4/2025,1032,2063,403,2,441.97,10,Debit
1851,5/4/2025,1110,2036,403,2,348.77,10,Debit
1852,5/4/2025,1132,2040,404,1,124.34,5,Cash
1853,5/4/2025,1080,2094,404,1,0,5,Cash
1854,5/4/2025,1142,2084,404,0,0,0,Cash
1855,5/4/2025,1048,2019,401,1,840.54,5,Debit
1856,5/4/2025,1046,2004,404,2,741.8,10,Debit
1857,5/4/2025,1041,2090,404,3,358.2,15,Debit
1858,5/4/2025,1029,2063,401,3,1657.38,15,Credit
1859,5/4/2025,1091,2090,404,3,214.92,15,Cash
1860,5/4/2025,1126,2014,402,0,492.6,0,Debit
1861,5/4/2025,1089,2011,402,2,1638.96,10,Credit
1862,5/4/2025,1046,2021,403,1,2255.61,5,Online
1863,5/4/2025,1149,2000,402,3,4846.55,15,Online
1864,5/4/2025,1019,2031,404,0,1695.9,0,Credit
1865,5/4/2025,1084,2003,403,0,0,0,Cash
1866,5/4/2025,1100,2047,401,2,803.95,10,Debit
1867,5/4/2025,1039,2003,401,3,1155.54,15,Credit
1868,5/4/2025,1181,2084,404,3,1127.4,15,Credit
1869,5/4/2025,1160,2034,401,2,326.81,10,Debit
1870,5/4/2025,1011,2083,404,2,614.53,10,Debit
1871,5/4/2025,1187,2093,402,1,680.35,5,Debit
1872,5/4/2025,1012,2082,403,2,853.12,10,Debit
1873,5/4/2025,1014,2095,401,3,0,15,Cash
1874,5/4/2025,1023,2051,403,1,211.18,5,Cash
1875,5/4/2025,1061,2098,404,0,2723.58,0,Online
1876,5/4/2025,1005,2026,402,3,211.56,15,Cash
1877,5/4/2025,1199,2051,403,1,0,5,Cash
1878,5/4/2025,1030,2038,404,3,3706.04,15,Online
1879,5/4/2025,1188,2039,402,2,1562.3,10,Credit
1880,5/4/2025,1170,2012,403,1,560.87,5,Debit
1881,5/4/2025,1125,2057,404,3,1310.94,15,Credit
1882,5/4/2025,1068,2072,404,0,420.3,0,Debit
1883,5/4/2025,1193,2054,403,1,0,5,Cash
1884,5/4/2025,1111,2080,404,0,1664.52,0,Credit
1885,5/4/2025,1010,2065,403,3,0,15,Cash
1886,5/4/2025,1173,2028,402,3,2551.76,15,Online
1887,5/4/2025,1134,2080,401,2,1331.62,10,Credit
1888,5/4/2025,1119,2055,401,3,269.7,15,Cash
1889,5/4/2025,1076,2019,402,2,747.14,10,Debit
1890,5/4/2025,1063,2066,404,2,0,10,Cash
1891,5/4/2025,1145,2006,401,0,0,0,Cash
1892,5/4/2025,1131,2013,404,3,4676.8,15,Online
1893,5/4/2025,1024,2059,403,2,0,10,Cash
1894,5/4/2025,1065,2074,401,0,3297.5,0,Online
1895,5/4/2025,1029,2094,404,1,0,5,Cash
1896,5/4/2025,1046,2050,401,0,560.34,0,Debit
1897,5/4/2025,1106,2090,403,2,114.62,10,Cash
1898,5/4/2025,1150,2092,404,3,482.21,15,Debit
1899,5/4/2025,1159,2033,403,1,752.62,5,Debit
1900,5/4/2025,1054,2023,401,2,751.63,10,Debit
1901,5/4/2025,1172,2013,404,0,1870.72,0,Credit
1902,5/4/2025,1001,2050,401,0,560.34,0,Debit
1903,5/4/2025,1043,2083,404,3,2304.48,15,Online
1904,5/4/2025,1177,2051,404,2,281.57,10,Cash
1905,5/4/2025,1158,2078,403,3,568.04,15,Debit
1906,5/4/2025,1077,2011,402,1,368.77,5,Debit
1907,5/4/2025,1003,2024,401,0,248.54,0,Cash
1908,5/4/2025,1178,2024,401,1,223.69,5,Cash
1909,5/4/2025,1123,2083,402,1,1382.69,5,Credit
1910,5/4/2025,1111,2080,402,0,3329.04,0,Online
1911,5/4/2025,1077,2098,404,1,817.07,5,Debit
1912,5/4/2025,1121,2054,401,0,0,0,Cash
1913,5/4/2025,1042,2019,404,3,933.93,15,Debit
1914,5/4/2025,1120,2002,404,1,1558.8,5,Credit
1915,5/4/2025,1051,2037,404,0,0,0,Cash
1916,5/4/2025,1085,2001,401,3,412.35,15,Debit
1917,5/4/2025,1106,2063,403,0,0,0,Cash
1918,5/4/2025,1124,2051,404,3,351.96,15,Debit
1919,5/4/2025,1059,2091,401,0,1811.58,0,Credit
1920,5/4/2025,1108,2073,403,0,1498.29,0,Credit
1921,5/4/2025,1068,2082,404,3,0,15,Cash
1922,5/4/2025,1029,2063,403,3,3314.76,15,Online
1923,5/4/2025,1178,2055,401,1,242.73,5,Cash
1924,5/4/2025,1073,2092,402,3,482.21,15,Debit
1925,5/4/2025,1088,2056,402,1,1888.99,5,Credit
1926,5/4/2025,1150,2087,403,3,477.96,15,Debit
1927,5/4/2025,1033,2037,404,3,1440.56,15,Credit
1928,5/4/2025,1172,2083,403,3,2304.48,15,Online
1929,5/4/2025,1041,2079,402,2,2281.3,10,Online
1930,5/4/2025,1176,2095,401,3,1472.37,15,Credit
1931,5/4/2025,1033,2022,402,1,1208.12,5,Credit
1932,5/4/2025,1155,2062,401,3,1858.08,15,Credit
1933,5/4/2025,1126,2038,402,1,1667.72,5,Credit
1934,5/4/2025,1142,2006,401,2,0,10,Cash
1935,5/4/2025,1066,2045,402,1,1123.7,5,Credit
1936,5/4/2025,1128,2004,401,2,2967.2,10,Online
1937,5/4/2025,1110,2014,402,0,246.3,0,Cash
1938,5/4/2025,1143,2028,404,2,1531.06,10,Credit
1939,5/4/2025,1087,2045,401,2,0,10,Cash
1940,5/4/2025,1038,2088,401,0,1418.7,0,Credit
1941,5/4/2025,1112,2058,401,0,0,0,Cash
1942,5/4/2025,1005,2078,401,0,426.03,0,Debit
1943,5/4/2025,1129,2013,402,0,1870.72,0,Credit
1944,5/4/2025,1052,2046,402,2,26.74,10,Cash
1945,5/4/2025,1181,2056,404,0,0,0,Cash
1946,5/4/2025,1039,2082,403,2,0,10,Cash
1947,5/4/2025,1035,2015,402,3,3374.85,15,Online
1948,5/4/2025,1106,2098,401,1,1634.15,5,Credit
1949,5/4/2025,1121,2043,403,1,1572.21,5,Credit
1950,5/4/2025,1021,2034,403,3,544.68,15,Debit
1951,5/4/2025,1092,2080,402,1,3745.17,5,Online
1952,5/4/2025,1192,2096,404,1,1814.89,5,Credit
1953,5/4/2025,1035,2054,404,3,0,15,Cash
1954,5/4/2025,1117,2066,403,0,0,0,Cash
1955,5/4/2025,1113,2018,401,0,1084.52,0,Credit
1956,5/4/2025,1021,2043,403,3,2620.35,15,Online
1957,5/4/2025,1197,2021,404,0,1670.82,0,Credit
1958,5/4/2025,1100,2097,401,1,2273.67,5,Online
1959,5/4/2025,1147,2007,403,3,0,15,Cash
1960,5/4/2025,1102,2087,403,2,0,10,Cash
1961,5/4/2025,1088,2001,403,1,1113.34,5,Credit
1962,5/4/2025,1179,2051,404,1,211.18,5,Cash
1963,5/4/2025,1139,2079,404,2,2281.3,10,Online
1964,5/4/2025,1005,2083,404,1,691.34,5,Debit
1965,5/4/2025,1077,2010,401,2,186.82,10,Cash
1966,5/4/2025,1099,2092,402,2,1157.3,10,Credit
1967,5/4/2025,1054,2011,403,2,327.79,10,Debit
1968,5/4/2025,1193,2081,402,0,2238.66,0,Online
1969,5/4/2025,1007,2069,403,1,836.6,5,Debit
1970,5/4/2025,1198,2038,404,0,1853.02,0,Credit
1971,5/4/2025,1187,2007,403,2,466.71,10,Debit
1972,5/4/2025,1160,2064,403,0,1176.16,0,Credit
1973,5/4/2025,1012,2096,401,3,672.18,15,Debit
1974,5/4/2025,1076,2073,401,3,499.43,15,Debit
1975,5/4/2025,1086,2030,402,2,407.93,10,Debit
1976,5/4/2025,1076,2036,402,3,217.98,15,Cash
1977,5/4/2025,1133,2094,402,0,1973.4,0,Credit
1978,5/4/2025,1083,2066,402,2,1238.54,10,Credit
1979,5/4/2025,1116,2012,402,3,0,15,Cash
1980,5/4/2025,1105,2010,401,0,155.68,0,Cash
1981,5/4/2025,1108,2016,404,1,872.15,5,Debit
1982,5/4/2025,1114,2009,403,3,198.93,15,Cash
1983,5/4/2025,1150,2071,404,2,492.13,10,Debit
1984,5/4/2025,1149,2063,404,3,2762.3,15,Online
1985,5/4/2025,1176,2062,404,1,557.42,5,Debit
1986,5/4/2025,1036,2064,402,3,294.04,15,Cash
1987,5/4/2025,1182,2058,402,0,0,0,Cash
1988,5/4/2025,1177,2027,404,3,1034.44,15,Credit
1989,5/4/2025,1008,2095,402,2,0,10,Cash
1990,5/4/2025,1030,2077,404,0,1123.66,0,Credit
1991,5/4/2025,1030,2047,403,0,334.98,0,Debit
1992,5/4/2025,1133,2019,401,2,747.14,10,Debit
1993,5/4/2025,1078,2047,403,2,535.97,10,Debit
1994,5/4/2025,1124,2003,402,1,1386.65,5,Credit
1995,5/4/2025,1005,2075,404,0,3122.56,0,Online
1996,5/4/2025,1078,2036,402,1,588.55,5,Debit
1997,5/4/2025,1189,2062,401,0,2477.44,0,Online
1998,5/4/2025,1140,2044,401,0,207.58,0,Cash
1999,5/4/2025,1106,2061,403,3,599.76,15,Debit
2000,5/4/2025,1086,2048,404,1,321.87,5,Debit
6,5/4/2025,1089,2028,401,0,1275.88,0,Credit
